case	mode	from	to	idx	x	y	z	pg_x	pg_y	pg_z
ma_poly_4326	crs	EPSG:2249	EPSG:4326	{1,1}	743238.0	2967416.0		-71.1776848522251	42.3902896512903	
ma_poly_4326	crs	EPSG:2249	EPSG:4326	{1,2}	743238.0	2967450.0		-71.17768437663261	42.390382947801015	
ma_poly_4326	crs	EPSG:2249	EPSG:4326	{1,3}	743265.0	2967450.0		-71.17758443054647	42.390382667791854	
ma_poly_4326	crs	EPSG:2249	EPSG:4326	{1,4}	743265.625	2967416.0		-71.17758259272304	42.390289364798825	
ma_poly_4326	crs	EPSG:2249	EPSG:4326	{1,5}	743238.0	2967416.0		-71.1776848522251	42.3902896512903	
ma_circ_4326	crs	EPSG:2249	EPSG:4326	{1}	743238.0	2967416.0	1.0	-71.1776848522251	42.3902896512903	1.0
ma_circ_4326	crs	EPSG:2249	EPSG:4326	{2}	743238.0	2967450.0	2.0	-71.17768437663261	42.390382947801015	2.0
ma_circ_4326	crs	EPSG:2249	EPSG:4326	{3}	743265.0	2967450.0	3.0	-71.17758443054647	42.390382667791854	3.0
ma_circ_4326	crs	EPSG:2249	EPSG:4326	{4}	743265.625	2967416.0	3.0	-71.17758259272304	42.390289364798825	3.0
ma_circ_4326	crs	EPSG:2249	EPSG:4326	{5}	743238.0	2967416.0	4.0	-71.1776848522251	42.3902896512903	4.0
p1_gnom	crs	EPSG:4326	+proj=gnom +ellps=WGS84 +lat_0=70 +lon_0=-160 +no_defs	{1,1}	170.0	50.0		-2256137.40753163	-1830117.7209615018	
p1_gnom	crs	EPSG:4326	+proj=gnom +ellps=WGS84 +lat_0=70 +lon_0=-160 +no_defs	{1,2}	170.0	72.0		-1003297.6384864624	479070.7206652749	
p1_gnom	crs	EPSG:4326	+proj=gnom +ellps=WGS84 +lat_0=70 +lon_0=-160 +no_defs	{1,3}	-130.0	72.0		1003297.6384864631	479070.7206652756	
p1_gnom	crs	EPSG:4326	+proj=gnom +ellps=WGS84 +lat_0=70 +lon_0=-160 +no_defs	{1,4}	-130.0	50.0		2256137.4075316326	-1830117.720961502	
p1_gnom	crs	EPSG:4326	+proj=gnom +ellps=WGS84 +lat_0=70 +lon_0=-160 +no_defs	{1,5}	170.0	50.0		-2256137.40753163	-1830117.7209615018	
p2_gnom	crs	EPSG:4326	+proj=gnom +ellps=WGS84 +lat_0=70 +lon_0=-160 +no_defs	{1,1}	-170.0	68.0		-417161.56975139445	-189328.649006455	
p2_gnom	crs	EPSG:4326	+proj=gnom +ellps=WGS84 +lat_0=70 +lon_0=-160 +no_defs	{1,2}	-170.0	90.0		0.0	2328343.972148207	
p2_gnom	crs	EPSG:4326	+proj=gnom +ellps=WGS84 +lat_0=70 +lon_0=-160 +no_defs	{1,3}	-141.0	90.0		0.0	2328343.972148207	
p2_gnom	crs	EPSG:4326	+proj=gnom +ellps=WGS84 +lat_0=70 +lon_0=-160 +no_defs	{1,4}	-141.0	68.0		786093.8493529259	-101145.84350429261	
p2_gnom	crs	EPSG:4326	+proj=gnom +ellps=WGS84 +lat_0=70 +lon_0=-160 +no_defs	{1,5}	-170.0	68.0		-417161.56975139445	-189328.649006455	
isect_gnom_4326	crs	+proj=gnom +ellps=WGS84 +lat_0=70 +lon_0=-160 +no_defs	EPSG:4326	{1,1}	598357.0375137347	479070.72066527547		-140.9999840290591	73.42768865981984	
isect_gnom_4326	crs	+proj=gnom +ellps=WGS84 +lat_0=70 +lon_0=-160 +no_defs	EPSG:4326	{1,2}	786093.8493529259	-101145.84350429261		-141.0	68.0	
isect_gnom_4326	crs	+proj=gnom +ellps=WGS84 +lat_0=70 +lon_0=-160 +no_defs	EPSG:4326	{1,3}	-417161.56975139445	-189328.649006455		-170.0	68.0	
isect_gnom_4326	crs	+proj=gnom +ellps=WGS84 +lat_0=70 +lon_0=-160 +no_defs	EPSG:4326	{1,4}	-306412.2499509418	479070.7206652751		-170.0000026915361	74.05492179637055	
isect_gnom_4326	crs	+proj=gnom +ellps=WGS84 +lat_0=70 +lon_0=-160 +no_defs	EPSG:4326	{1,5}	598357.0375137347	479070.72066527547		-140.9999840290591	73.42768865981984	
ptz_2163	crs	EPSG:4326	EPSG:2163	{1}	-72.1235	42.3521	4.0	2236208.8288749787	93460.88112366045	4.0
lnz_2163	crs	EPSG:4326	EPSG:2163	{1}	-72.126	42.45	15.0	2232433.033086253	103821.79244791172	15.0
lnz_2163	crs	EPSG:4326	EPSG:2163	{2}	-72.123	42.1546	20.0	2243466.252818276	72430.03465427106	20.0
ptz10000_2163	crs	EPSG:4326	EPSG:2163	{1}	-72.1235	42.3521	10000.0	2236208.8288749787	93460.88112366045	10000.0
pt_3857	crs	EPSG:4326	EPSG:3857	{1}	-72.1235	42.3521		-8028751.294228666	5213869.1111868555	
ln_3857	crs	EPSG:4326	EPSG:3857	{1}	-72.126	42.45		-8029029.59295565	5228627.436382407	
ln_3857	crs	EPSG:4326	EPSG:3857	{2}	-72.123	42.1546		-8028695.63448327	5184165.980175191	
pt_26986	crs	EPSG:4326	EPSG:26986	{1}	-72.1235	42.3521		148630.40257519213	900365.8210366606	
ln_26986	crs	EPSG:4326	EPSG:26986	{1}	-72.126	42.45		148504.24252360148	911241.5564406476	
ln_26986	crs	EPSG:4326	EPSG:26986	{2}	-72.123	42.1546		148511.3691303514	878428.9171718385	
pt_2163	crs	EPSG:4326	EPSG:2163	{1}	-72.1235	42.3521		2236208.8288749787	93460.88112366045	
ln_2163	crs	EPSG:4326	EPSG:2163	{1}	-72.126	42.45		2232433.033086253	103821.79244791172	
ln_2163	crs	EPSG:4326	EPSG:2163	{2}	-72.123	42.1546		2243466.252818276	72430.03465427106	
nv_centroid_32611	crs	EPSG:4326	EPSG:32611	{1}	-118.5835	38.437		361797.9431872204	4255490.268800922	
nv_pt_32611	crs	EPSG:4326	EPSG:32611	{1}	-118.0	38.0		412201.5821651217	4206286.758051956	
nv_line_32611	crs	EPSG:4326	EPSG:32611	{1}	-118.584	38.374		361634.20444237924	4248499.937959089	
nv_line_32611	crs	EPSG:4326	EPSG:32611	{2}	-118.583	38.5		361961.7736550432	4262480.668732427	
boston_4269_26986	crs	EPSG:4269	EPSG:26986	{1}	-71.063526	42.35785		235957.5905746494	900908.7599186979	
gda94_4939_7844	crs	EPSG:4939	EPSG:7844	{1}	143.0	-37.0		143.00000635638918	-36.999986706128176	
ma_poly_26986	crs	EPSG:2249	EPSG:26986	{1,1}	743238.0	2967416.0		226539.39537719107	904470.20574041	
ma_poly_26986	crs	EPSG:2249	EPSG:26986	{1,2}	743238.0	2967450.0		226539.39537719125	904480.5689611372	
ma_poly_26986	crs	EPSG:2249	EPSG:26986	{1,3}	743265.0	2967450.0		226547.62499364975	904480.5689611386	
ma_poly_26986	crs	EPSG:2249	EPSG:26986	{1,4}	743265.625	2967416.0		226547.81549403162	904470.20574041	
ma_poly_26986	crs	EPSG:2249	EPSG:26986	{1,5}	743238.0	2967416.0		226539.39537719107	904470.20574041	
pa_2273_4326	crs	EPSG:2273	EPSG:4326	{1}	3637510.0	3014852.0		-75.18900105410722	39.97699985857664	
victoria_4326_3785	crs	EPSG:4326	EPSG:3785	{1}	-123.365556	48.428611		-13732990.875349075	6178458.964254236	
ln3_4326_26986	crs	EPSG:4326	EPSG:26986	{1}	-72.126	42.45		148504.24252360148	911241.5564406476	
ln3_4326_26986	crs	EPSG:4326	EPSG:26986	{2}	-72.124	42.45666		148674.17478670308	911980.118811732	
ln3_4326_26986	crs	EPSG:4326	EPSG:26986	{3}	-72.123	42.1546		148511.3691303514	878428.9171718385	
pipe_fwd_16031	pipe_fwd	urn:ogc:def:coordinateOperation:EPSG::16031		{1}	2.0	49.0		426857.9877165967	5427937.523342293	
pipe_inv_16031	pipe_inv	urn:ogc:def:coordinateOperation:EPSG::16031		{1}	426857.9877165967	5427937.523342293		2.0000000000000004	48.99999999999999	
