case	idx	crate_x	crate_y	sys_x	sys_y	sys_z	pg_x	pg_y	pg_z	max_rel	agree12
ma_poly_4326	{1,1}	-71.1776848522251	42.3902896512903	-71.1776848522251	42.3902896512903	0.0	-71.1776848522251	42.3902896512903		0e0	true
ma_poly_4326	{1,2}	-71.17768437663261	42.390382947801015	-71.17768437663261	42.390382947801015	0.0	-71.17768437663261	42.390382947801015		0e0	true
ma_poly_4326	{1,3}	-71.17758443054647	42.390382667791854	-71.17758443054647	42.390382667791854	0.0	-71.17758443054647	42.390382667791854		0e0	true
ma_poly_4326	{1,4}	-71.17758259272304	42.390289364798825	-71.17758259272304	42.390289364798825	0.0	-71.17758259272304	42.390289364798825		0e0	true
ma_poly_4326	{1,5}	-71.1776848522251	42.3902896512903	-71.1776848522251	42.3902896512903	0.0	-71.1776848522251	42.3902896512903		0e0	true
ma_circ_4326	{1}	-71.1776848522251	42.3902896512903	-71.1776848522251	42.3902896512903	1.0	-71.1776848522251	42.3902896512903	1.0	0e0	true
ma_circ_4326	{2}	-71.17768437663261	42.390382947801015	-71.17768437663261	42.390382947801015	2.0	-71.17768437663261	42.390382947801015	2.0	0e0	true
ma_circ_4326	{3}	-71.17758443054647	42.390382667791854	-71.17758443054647	42.390382667791854	3.0	-71.17758443054647	42.390382667791854	3.0	0e0	true
ma_circ_4326	{4}	-71.17758259272304	42.390289364798825	-71.17758259272304	42.390289364798825	3.0	-71.17758259272304	42.390289364798825	3.0	0e0	true
ma_circ_4326	{5}	-71.1776848522251	42.3902896512903	-71.1776848522251	42.3902896512903	4.0	-71.1776848522251	42.3902896512903	4.0	0e0	true
p1_gnom	{1,1}	-2256137.40753163	-1830117.7209615018	-2256137.40753163	-1830117.7209615018	0.0	-2256137.40753163	-1830117.7209615018		0e0	true
p1_gnom	{1,2}	-1003297.6384864624	479070.7206652749	-1003297.6384864624	479070.7206652749	0.0	-1003297.6384864624	479070.7206652749		0e0	true
p1_gnom	{1,3}	1003297.6384864631	479070.7206652756	1003297.6384864631	479070.7206652756	0.0	1003297.6384864631	479070.7206652756		0e0	true
p1_gnom	{1,4}	2256137.4075316326	-1830117.720961502	2256137.4075316326	-1830117.720961502	0.0	2256137.4075316326	-1830117.720961502		0e0	true
p1_gnom	{1,5}	-2256137.40753163	-1830117.7209615018	-2256137.40753163	-1830117.7209615018	0.0	-2256137.40753163	-1830117.7209615018		0e0	true
p2_gnom	{1,1}	-417161.56975139445	-189328.649006455	-417161.56975139445	-189328.649006455	0.0	-417161.56975139445	-189328.649006455		0e0	true
p2_gnom	{1,2}	0.0	2328343.972148207	0.0	2328343.972148207	0.0	0.0	2328343.972148207		0e0	true
p2_gnom	{1,3}	0.0	2328343.972148207	0.0	2328343.972148207	0.0	0.0	2328343.972148207		0e0	true
p2_gnom	{1,4}	786093.8493529259	-101145.84350429261	786093.8493529259	-101145.84350429261	0.0	786093.8493529259	-101145.84350429261		0e0	true
p2_gnom	{1,5}	-417161.56975139445	-189328.649006455	-417161.56975139445	-189328.649006455	0.0	-417161.56975139445	-189328.649006455		0e0	true
isect_gnom_4326	{1,1}	-140.9999840290591	73.42768865981984	-140.9999840290591	73.42768865981984	0.0	-140.9999840290591	73.42768865981984		0e0	true
isect_gnom_4326	{1,2}	-141.0	68.0	-141.0	68.0	0.0	-141.0	68.0		0e0	true
isect_gnom_4326	{1,3}	-170.0	68.0	-170.0	68.0	0.0	-170.0	68.0		0e0	true
isect_gnom_4326	{1,4}	-170.0000026915361	74.05492179637055	-170.0000026915361	74.05492179637055	0.0	-170.0000026915361	74.05492179637055		0e0	true
isect_gnom_4326	{1,5}	-140.9999840290591	73.42768865981984	-140.9999840290591	73.42768865981984	0.0	-140.9999840290591	73.42768865981984		0e0	true
ptz_2163	{1}	2236208.8288749787	93460.88112366045	2236208.8288749787	93460.88112366045	4.0	2236208.8288749787	93460.88112366045	4.0	0e0	true
lnz_2163	{1}	2232433.033086253	103821.79244791172	2232433.033086253	103821.79244791172	15.0	2232433.033086253	103821.79244791172	15.0	0e0	true
lnz_2163	{2}	2243466.252818276	72430.03465427106	2243466.252818276	72430.03465427106	20.0	2243466.252818276	72430.03465427106	20.0	0e0	true
ptz10000_2163	{1}	2236208.8288749787	93460.88112366045	2236208.8288749787	93460.88112366045	10000.0	2236208.8288749787	93460.88112366045	10000.0	0e0	true
pt_3857	{1}	-8028751.294228666	5213869.1111868555	-8028751.294228666	5213869.1111868555	0.0	-8028751.294228666	5213869.1111868555		0e0	true
ln_3857	{1}	-8029029.59295565	5228627.436382407	-8029029.59295565	5228627.436382407	0.0	-8029029.59295565	5228627.436382407		0e0	true
ln_3857	{2}	-8028695.63448327	5184165.980175191	-8028695.63448327	5184165.980175191	0.0	-8028695.63448327	5184165.980175191		0e0	true
pt_26986	{1}	148630.40257519213	900365.8210366606	148630.40257519213	900365.8210366606	0.0	148630.40257519213	900365.8210366606		0e0	true
ln_26986	{1}	148504.24252360148	911241.5564406476	148504.24252360148	911241.5564406476	0.0	148504.24252360148	911241.5564406476		0e0	true
ln_26986	{2}	148511.3691303514	878428.9171718385	148511.3691303514	878428.9171718385	0.0	148511.3691303514	878428.9171718385		0e0	true
pt_2163	{1}	2236208.8288749787	93460.88112366045	2236208.8288749787	93460.88112366045	0.0	2236208.8288749787	93460.88112366045		0e0	true
ln_2163	{1}	2232433.033086253	103821.79244791172	2232433.033086253	103821.79244791172	0.0	2232433.033086253	103821.79244791172		0e0	true
ln_2163	{2}	2243466.252818276	72430.03465427106	2243466.252818276	72430.03465427106	0.0	2243466.252818276	72430.03465427106		0e0	true
nv_centroid_32611	{1}	361797.9431872204	4255490.268800922	361797.9431872204	4255490.268800922	0.0	361797.9431872204	4255490.268800922		0e0	true
nv_pt_32611	{1}	412201.5821651217	4206286.758051956	412201.5821651217	4206286.758051956	0.0	412201.5821651217	4206286.758051956		0e0	true
nv_line_32611	{1}	361634.20444237924	4248499.937959089	361634.20444237924	4248499.937959089	0.0	361634.20444237924	4248499.937959089		0e0	true
nv_line_32611	{2}	361961.7736550432	4262480.668732427	361961.7736550432	4262480.668732427	0.0	361961.7736550432	4262480.668732427		0e0	true
boston_4269_26986	{1}	235957.5905746494	900908.7599186979	235957.5905746494	900908.7599186979	0.0	235957.5905746494	900908.7599186979		0e0	true
gda94_4939_7844	{1}	143.00000635638918	-36.999986706128176	143.00000635638918	-36.999986706128176	0.0	143.00000635638918	-36.999986706128176		0e0	true
ma_poly_26986	{1,1}	226539.39537719107	904470.20574041	226539.39537719107	904470.20574041	0.0	226539.39537719107	904470.20574041		0e0	true
ma_poly_26986	{1,2}	226539.39537719125	904480.5689611372	226539.39537719125	904480.5689611372	0.0	226539.39537719125	904480.5689611372		0e0	true
ma_poly_26986	{1,3}	226547.62499364975	904480.5689611386	226547.62499364975	904480.5689611386	0.0	226547.62499364975	904480.5689611386		0e0	true
ma_poly_26986	{1,4}	226547.81549403162	904470.20574041	226547.81549403162	904470.20574041	0.0	226547.81549403162	904470.20574041		0e0	true
ma_poly_26986	{1,5}	226539.39537719107	904470.20574041	226539.39537719107	904470.20574041	0.0	226539.39537719107	904470.20574041		0e0	true
pa_2273_4326	{1}	-75.18900105410722	39.97699985857664	-75.18900105410722	39.97699985857664	0.0	-75.18900105410722	39.97699985857664		0e0	true
victoria_4326_3785	{1}	-13732990.875349075	6178458.964254236	-13732990.875349075	6178458.964254236	0.0	-13732990.875349075	6178458.964254236		0e0	true
ln3_4326_26986	{1}	148504.24252360148	911241.5564406476	148504.24252360148	911241.5564406476	0.0	148504.24252360148	911241.5564406476		0e0	true
ln3_4326_26986	{2}	148674.17478670308	911980.118811732	148674.17478670308	911980.118811732	0.0	148674.17478670308	911980.118811732		0e0	true
ln3_4326_26986	{3}	148511.3691303514	878428.9171718385	148511.3691303514	878428.9171718385	0.0	148511.3691303514	878428.9171718385		0e0	true
pipe_fwd_16031	{1}	NaN	NaN	426857.9877165967	5427937.523342293	0.0	426857.9877165967	5427937.523342293		0e0	true
pipe_inv_16031	{1}	NaN	NaN	2.0000000000000004	48.99999999999999	0.0	2.0000000000000004	48.99999999999999		0e0	true
