kind,variant,profile,rep,seconds,load1_before,load1_after
full,before,debug,1,97.234730164,27.01,20.80
full,after,debug,1,105.254824659,20.80,23.64
full,before,release,1,311.203348376,23.64,22.12
full,after,release,1,219.965529621,22.12,19.24
full,before,debug,2,137.981990122,19.24,22.05
full,after,debug,2,131.853172273,22.05,25.12
full,before,release,2,313.749350657,25.12,23.46
full,after,release,2,284.216771819,23.46,22.17
full,before,debug,3,224.938851753,22.17,46.93
full,after,debug,3,178.941852789,46.93,32.59
full,before,release,3,395.044065426,32.59,21.98
full,after,release,3,256.030621346,21.98,18.56
crate,before,debug,1,6.509975238,18.56,17.87
crate,after,debug,1,6.689917786,17.87,16.28
crate,before,release,1,37.513599377,16.28,11.10
crate,after,release,1,32.837383384,11.10,8.74
crate,before,debug,2,4.691461691,8.74,8.76
crate,after,debug,2,4.518394692,8.76,8.70
crate,before,release,2,32.649591449,8.70,8.17
crate,after,release,2,32.564533867,8.17,6.93
crate,before,debug,3,4.509696144,6.93,6.94
crate,after,debug,3,4.492786929,6.94,6.46
crate,before,release,3,32.952086890,6.46,6.70
crate,after,release,3,39.049089397,6.70,8.89
crate,before,debug,4,4.842407747,8.89,9.54
crate,after,debug,4,4.517078694,9.54,9.57
crate,before,release,4,45.911773165,9.57,8.99
crate,after,release,4,48.526936952,8.99,9.22
crate,before,debug,5,6.683204447,9.22,9.77
crate,after,debug,5,6.598680506,9.77,10.57
crate,before,release,5,43.871530807,10.57,11.22
crate,after,release,5,44.732942831,11.22,11.79
