points	sep	100000	centroid	n	2103952
points	sep	100000	centroid	l	2103952
points	sep	100000	centroid	w	2500052
points	sep	100000	simplify	n	2103952
points	sep	100000	simplify	l	2103952
points	sep	100000	simplify	w	2500052
points	sep	100000	translate	n	2103952
points	sep	100000	translate	l	2103952
points	sep	100000	translate	w	2500052
points	sep	100000	buffer	n	54103952
points	sep	100000	buffer	l	54103952
points	sep	100000	buffer	w	54500052
poly10	sep	10000	centroid	n	210608
poly10	sep	10000	centroid	l	210608
poly10	sep	10000	centroid	w	250008
poly10	sep	10000	simplify	n	1498048
poly10	sep	10000	simplify	l	1498048
poly10	sep	10000	simplify	w	1537448
poly10	sep	10000	translate	n	1890608
poly10	sep	10000	translate	l	1890608
poly10	sep	10000	translate	w	1930008
poly10	sep	10000	buffer	n	7221968
poly10	sep	10000	buffer	l	7221968
poly10	sep	10000	buffer	w	7261368
poly100	sep	2000	centroid	n	42304
poly100	sep	2000	centroid	l	42304
poly100	sep	2000	centroid	w	50004
poly100	sep	2000	simplify	n	1392256
poly100	sep	2000	simplify	l	1392256
poly100	sep	2000	simplify	w	1399956
poly100	sep	2000	translate	n	3258304
poly100	sep	2000	translate	l	3258304
poly100	sep	2000	translate	w	3266004
poly100	sep	2000	buffer	n	11455824
poly100	sep	2000	buffer	l	11455824
poly100	sep	2000	buffer	w	11463524
poly1000	sep	200	centroid	n	4504
poly1000	sep	200	centroid	l	4504
poly1000	sep	200	centroid	w	5004
poly1000	sep	200	simplify	n	397240
poly1000	sep	200	simplify	l	397240
poly1000	sep	200	simplify	w	397740
poly1000	sep	200	translate	n	3206104
poly1000	sep	200	translate	l	3206104
poly1000	sep	200	translate	w	3206604
poly1000	sep	200	buffer	n	1519368
poly1000	sep	200	buffer	l	1519368
poly1000	sep	200	buffer	w	1519868
