p1	points	sep	100000	p1_n	218047060	100000:5.009211154e7
p1	points	sep	100000	p1_l	206800259	100000:5.009211154e7
p1	points	sep	100000	p1_w	155326238	100000:5.009211154e7
p1	points	sep	100000	p1_f	139764119	100000:5.009211154e7
p1	points	wkb	100000	p1_n	269329774	100000:5.009211154e7
p1	points	wkb	100000	p1_l	257660072	100000:5.009211154e7
p1	points	wkb	100000	p1_w	206825045	100000:5.009211154e7
p1	points	wkb	100000	p1_f	191361163	100000:5.009211154e7
p1	poly10	sep	10000	p1_n	68484413	10000:5.010071781e6
p1	poly10	sep	10000	p1_l	67317841	10000:5.010071781e6
p1	poly10	sep	10000	p1_w	51401103	10000:5.010071781e6
p1	poly10	sep	10000	p1_f	49781719	10000:5.010071781e6
p1	poly10	wkb	10000	p1_n	69450854	10000:5.010071781e6
p1	poly10	wkb	10000	p1_l	68288132	10000:5.010071781e6
p1	poly10	wkb	10000	p1_w	52703460	10000:5.010071781e6
p1	poly10	wkb	10000	p1_f	51082340	10000:5.010071781e6
p1	poly100	sep	10000	p1_n	277423610	10000:5.016691559e6
p1	poly100	sep	10000	p1_l	275732062	10000:5.016691559e6
p1	poly100	sep	10000	p1_w	260413592	10000:5.016691559e6
p1	poly100	sep	10000	p1_f	258941318	10000:5.016691559e6
p1	poly100	wkb	10000	p1_n	235789934	10000:5.016691559e6
p1	poly100	wkb	10000	p1_l	235605533	10000:5.016691559e6
p1	poly100	wkb	10000	p1_w	220290865	10000:5.016691559e6
p1	poly100	wkb	10000	p1_f	218796569	10000:5.016691559e6
p1	poly1000	sep	1000	p1_n	243512880	1000:4.973211593e5
p1	poly1000	sep	1000	p1_l	243398400	1000:4.973211593e5
p1	poly1000	sep	1000	p1_w	230672381	1000:4.973211593e5
p1	poly1000	sep	1000	p1_f	230450750	1000:4.973211593e5
p1	poly1000	wkb	1000	p1_n	198236590	1000:4.973211593e5
p1	poly1000	wkb	1000	p1_l	198099099	1000:4.973211593e5
p1	poly1000	wkb	1000	p1_w	185173477	1000:4.973211593e5
p1	poly1000	wkb	1000	p1_f	185021963	1000:4.973211593e5
p2	points	sep	100000	p2_n	255698410	100000:0.000000000e0
p2	points	sep	100000	p2_l	243985063	100000:0.000000000e0
p2	points	sep	100000	p2_w	188040817	100000:0.000000000e0
p2	points	sep	100000	p2_f	172474614	100000:0.000000000e0
p2	points	wkb	100000	p2_n	308586699	100000:0.000000000e0
p2	points	wkb	100000	p2_l	296599561	100000:0.000000000e0
p2	points	wkb	100000	p2_w	240959276	100000:0.000000000e0
p2	points	wkb	100000	p2_f	225474356	100000:0.000000000e0
p2	poly10	sep	10000	p2_n	262537731	10000:2.047418056e4
p2	poly10	sep	10000	p2_l	264703184	10000:2.047418056e4
p2	poly10	sep	10000	p2_w	238242365	10000:2.047418056e4
p2	poly10	sep	10000	p2_f	233565203	10000:2.047418056e4
p2	poly10	wkb	10000	p2_n	260700302	10000:2.047418056e4
p2	poly10	wkb	10000	p2_l	260835092	10000:2.047418056e4
p2	poly10	wkb	10000	p2_w	237449331	10000:2.047418056e4
p2	poly10	wkb	10000	p2_f	230978483	10000:2.047418056e4
p2	poly100	sep	10000	p2_n	2321827790	10000:2.248170046e4
p2	poly100	sep	10000	p2_l	2327552351	10000:2.248170046e4
p2	poly100	sep	10000	p2_w	2273830461	10000:2.248170046e4
p2	poly100	sep	10000	p2_f	2259573100	10000:2.248170046e4
p2	poly100	wkb	10000	p2_n	2288631890	10000:2.248170046e4
p2	poly100	wkb	10000	p2_l	2281921096	10000:2.248170046e4
p2	poly100	wkb	10000	p2_w	2238913191	10000:2.248170046e4
p2	poly100	wkb	10000	p2_f	2219658218	10000:2.248170046e4
p2	poly1000	sep	1000	p2_n	2961605417	1000:2.203944878e3
p2	poly1000	sep	1000	p2_l	2962415245	1000:2.203944878e3
p2	poly1000	sep	1000	p2_w	2937057338	1000:2.203944878e3
p2	poly1000	sep	1000	p2_f	2931606793	1000:2.203944878e3
p2	poly1000	wkb	1000	p2_n	2913254213	1000:2.203944878e3
p2	poly1000	wkb	1000	p2_l	2917204452	1000:2.203944878e3
p2	poly1000	wkb	1000	p2_w	2891815732	1000:2.203944878e3
p2	poly1000	wkb	1000	p2_f	2885487790	1000:2.203944878e3
p3	points	sep	100000	p3_n	656470130	100000:4.232330000e6
p3	points	sep	100000	p3_l	644457175	100000:4.232330000e6
p3	points	sep	100000	p3_w	594163713	100000:4.232330000e6
p3	points	sep	100000	p3_f	575660051	100000:4.232330000e6
p3	points	wkb	100000	p3_n	707951176	100000:4.232330000e6
p3	points	wkb	100000	p3_l	696212274	100000:4.232330000e6
p3	points	wkb	100000	p3_w	647218370	100000:4.232330000e6
p3	points	wkb	100000	p3_f	628371772	100000:4.232330000e6
p3	poly10	sep	10000	p3_n	564810549	10000:4.095485000e6
p3	poly10	sep	10000	p3_l	564149851	10000:4.095485000e6
p3	poly10	sep	10000	p3_w	539819681	10000:4.095485000e6
p3	poly10	sep	10000	p3_f	531914085	10000:4.095485000e6
p3	poly10	wkb	10000	p3_n	566099230	10000:4.095485000e6
p3	poly10	wkb	10000	p3_l	564855397	10000:4.095485000e6
p3	poly10	wkb	10000	p3_w	539037219	10000:4.095485000e6
p3	poly10	wkb	10000	p3_f	531916328	10000:4.095485000e6
p3	poly100	sep	10000	p3_n	4739810479	10000:3.679066700e7
p3	poly100	sep	10000	p3_l	4741262765	10000:3.679066700e7
p3	poly100	sep	10000	p3_w	4624735390	10000:3.679066700e7
p3	poly100	sep	10000	p3_f	4578821625	10000:3.679066700e7
p3	poly100	wkb	10000	p3_n	4703397537	10000:3.679066700e7
p3	poly100	wkb	10000	p3_l	4702230476	10000:3.679066700e7
p3	poly100	wkb	10000	p3_w	4584193728	10000:3.679066700e7
p3	poly100	wkb	10000	p3_f	4538708319	10000:3.679066700e7
p3	poly1000	sep	1000	p3_n	4653322107	1000:3.637999000e7
p3	poly1000	sep	1000	p3_l	4653214368	1000:3.637999000e7
p3	poly1000	sep	1000	p3_w	4536713883	1000:3.637999000e7
p3	poly1000	sep	1000	p3_f	4492432093	1000:3.637999000e7
p3	poly1000	wkb	1000	p3_n	4607852497	1000:3.637999000e7
p3	poly1000	wkb	1000	p3_l	4607733704	1000:3.637999000e7
p3	poly1000	wkb	1000	p3_w	4491217245	1000:3.637999000e7
p3	poly1000	wkb	1000	p3_f	4446940962	1000:3.637999000e7
p4	points	sep	10000	p4_n	2428160524	10000:2.522000000e3
p4	points	sep	10000	p4_l	2429329680	10000:2.522000000e3
p4	points	sep	10000	p4_w	2316921423	10000:2.522000000e3
p4	points	sep	10000	p4_f	2316921305	10000:2.522000000e3
p4	points	wkb	10000	p4_n	2437789803	10000:2.522000000e3
p4	points	wkb	10000	p4_l	2432899422	10000:2.522000000e3
p4	points	wkb	10000	p4_w	2321592234	10000:2.522000000e3
p4	points	wkb	10000	p4_f	2321592255	10000:2.522000000e3
p4	poly10	sep	1000	p4_n	380892436	1000:2.400000000e2
p4	poly10	sep	1000	p4_l	381844736	1000:2.400000000e2
p4	poly10	sep	1000	p4_w	356916535	1000:2.400000000e2
p4	poly10	sep	1000	p4_f	356916462	1000:2.400000000e2
p4	poly10	wkb	1000	p4_n	381157652	1000:2.400000000e2
p4	poly10	wkb	1000	p4_l	380807548	1000:2.400000000e2
p4	poly10	wkb	1000	p4_w	356443251	1000:2.400000000e2
p4	poly10	wkb	1000	p4_f	356443574	1000:2.400000000e2
p4	poly100	sep	200	p4_n	1254032604	200:5.400000000e1
p4	poly100	sep	200	p4_l	1253852465	200:5.400000000e1
p4	poly100	sep	200	p4_w	1218958430	200:5.400000000e1
p4	poly100	sep	200	p4_f	1218958635	200:5.400000000e1
p4	poly100	wkb	200	p4_n	1253232045	200:5.400000000e1
p4	poly100	wkb	200	p4_l	1252602820	200:5.400000000e1
p4	poly100	wkb	200	p4_w	1218653469	200:5.400000000e1
p4	poly100	wkb	200	p4_f	1218653683	200:5.400000000e1
p4	poly1000	sep	50	p4_n	24797847324	50:1.000000000e1
p4	poly1000	sep	50	p4_l	24797864705	50:1.000000000e1
p4	poly1000	sep	50	p4_w	24778789258	50:1.000000000e1
p4	poly1000	sep	50	p4_f	24778789244	50:1.000000000e1
p4	poly1000	wkb	50	p4_n	24794897087	50:1.000000000e1
p4	poly1000	wkb	50	p4_l	24794511706	50:1.000000000e1
p4	poly1000	wkb	50	p4_w	24776227752	50:1.000000000e1
p4	poly1000	wkb	50	p4_f	24776227816	50:1.000000000e1
p5	points	sep	100000	p5_n	650810894	100000:5.019211154e7
p5	points	sep	100000	p5_l	615585666	100000:5.019211154e7
p5	points	sep	100000	p5_w	440130638	100000:5.019211154e7
p5	points	sep	100000	p5_f	390177872	100000:5.019211154e7
p5	points	wkb	100000	p5_n	702690029	100000:5.019211154e7
p5	points	wkb	100000	p5_l	668236696	100000:5.019211154e7
p5	points	wkb	100000	p5_w	490962872	100000:5.019211154e7
p5	points	wkb	100000	p5_f	443681805	100000:5.019211154e7
p5	poly10	sep	10000	p5_n	390655871	10000:5.020080383e6
p5	poly10	sep	10000	p5_l	384859049	10000:5.020080383e6
p5	poly10	sep	10000	p5_w	314742906	10000:5.020080383e6
p5	poly10	sep	10000	p5_f	304046923	10000:5.020080383e6
p5	poly10	wkb	10000	p5_n	389127264	10000:5.020080383e6
p5	poly10	wkb	10000	p5_l	385383500	10000:5.020080383e6
p5	poly10	wkb	10000	p5_w	316337736	10000:5.020080383e6
p5	poly10	wkb	10000	p5_f	300755982	10000:5.020080383e6
p5	poly100	sep	10000	p5_n	2771120292	10000:5.026694867e6
p5	poly100	sep	10000	p5_l	2777396982	10000:5.026694867e6
p5	poly100	sep	10000	p5_w	2599491071	10000:5.026694867e6
p5	poly100	sep	10000	p5_f	2531628671	10000:5.026694867e6
p5	poly100	wkb	10000	p5_n	2739907302	10000:5.026694867e6
p5	poly100	wkb	10000	p5_l	2735997605	10000:5.026694867e6
p5	poly100	wkb	10000	p5_w	2582045735	10000:5.026694867e6
p5	poly100	wkb	10000	p5_f	2492992354	10000:5.026694867e6
p5	poly1000	sep	1000	p5_n	3343022585	1000:4.983215274e5
p5	poly1000	sep	1000	p5_l	3335015524	1000:4.983215274e5
p5	poly1000	sep	1000	p5_w	3195945720	1000:4.983215274e5
p5	poly1000	sep	1000	p5_f	3147023060	1000:4.983215274e5
p5	poly1000	wkb	1000	p5_n	3292401789	1000:4.983215274e5
p5	poly1000	wkb	1000	p5_l	3292512996	1000:4.983215274e5
p5	poly1000	wkb	1000	p5_w	3151242484	1000:4.983215274e5
p5	poly1000	wkb	1000	p5_f	3102073389	1000:4.983215274e5
