p1	points	sep	1000000	p1_l	1	81.093	1000000:5.003925732e8
p1	points	sep	1000000	p1_w	1	55.727	1000000:5.003925732e8
p1	points	sep	1000000	p1_f	1	54.497	1000000:5.003925732e8
p1	points	sep	1000000	p1_n	1	84.324	1000000:5.003925732e8
p1	points	sep	1000000	p1_w	2	56.146	1000000:5.003925732e8
p1	points	sep	1000000	p1_f	2	52.405	1000000:5.003925732e8
p1	points	sep	1000000	p1_n	2	82.568	1000000:5.003925732e8
p1	points	sep	1000000	p1_l	2	81.932	1000000:5.003925732e8
p1	points	sep	1000000	p1_f	3	53.872	1000000:5.003925732e8
p1	points	sep	1000000	p1_n	3	83.592	1000000:5.003925732e8
p1	points	sep	1000000	p1_l	3	82.317	1000000:5.003925732e8
p1	points	sep	1000000	p1_w	3	57.184	1000000:5.003925732e8
p1	points	sep	1000000	p1_n	4	82.817	1000000:5.003925732e8
p1	points	sep	1000000	p1_l	4	83.556	1000000:5.003925732e8
p1	points	sep	1000000	p1_w	4	57.186	1000000:5.003925732e8
p1	points	sep	1000000	p1_f	4	53.234	1000000:5.003925732e8
p1	points	sep	1000000	p1_l	5	80.250	1000000:5.003925732e8
p1	points	sep	1000000	p1_w	5	56.952	1000000:5.003925732e8
p1	points	sep	1000000	p1_f	5	53.386	1000000:5.003925732e8
p1	points	sep	1000000	p1_n	5	80.918	1000000:5.003925732e8
p1	points	sep	1000000	p1_w	6	60.122	1000000:5.003925732e8
p1	points	sep	1000000	p1_f	6	55.289	1000000:5.003925732e8
p1	points	sep	1000000	p1_n	6	80.588	1000000:5.003925732e8
p1	points	sep	1000000	p1_l	6	80.828	1000000:5.003925732e8
p1	points	sep	1000000	p1_f	7	53.129	1000000:5.003925732e8
p1	points	sep	1000000	p1_n	7	79.381	1000000:5.003925732e8
p1	points	sep	1000000	p1_l	7	83.064	1000000:5.003925732e8
p1	points	sep	1000000	p1_w	7	58.479	1000000:5.003925732e8
p1	points	wkb	1000000	p1_l	1	101.024	1000000:5.003925732e8
p1	points	wkb	1000000	p1_w	1	74.626	1000000:5.003925732e8
p1	points	wkb	1000000	p1_f	1	68.989	1000000:5.003925732e8
p1	points	wkb	1000000	p1_n	1	96.954	1000000:5.003925732e8
p1	points	wkb	1000000	p1_w	2	72.587	1000000:5.003925732e8
p1	points	wkb	1000000	p1_f	2	68.280	1000000:5.003925732e8
p1	points	wkb	1000000	p1_n	2	100.739	1000000:5.003925732e8
p1	points	wkb	1000000	p1_l	2	97.351	1000000:5.003925732e8
p1	points	wkb	1000000	p1_f	3	73.140	1000000:5.003925732e8
p1	points	wkb	1000000	p1_n	3	98.628	1000000:5.003925732e8
p1	points	wkb	1000000	p1_l	3	97.052	1000000:5.003925732e8
p1	points	wkb	1000000	p1_w	3	72.832	1000000:5.003925732e8
p1	points	wkb	1000000	p1_n	4	99.845	1000000:5.003925732e8
p1	points	wkb	1000000	p1_l	4	97.525	1000000:5.003925732e8
p1	points	wkb	1000000	p1_w	4	73.140	1000000:5.003925732e8
p1	points	wkb	1000000	p1_f	4	68.952	1000000:5.003925732e8
p1	points	wkb	1000000	p1_l	5	97.904	1000000:5.003925732e8
p1	points	wkb	1000000	p1_w	5	74.447	1000000:5.003925732e8
p1	points	wkb	1000000	p1_f	5	69.170	1000000:5.003925732e8
p1	points	wkb	1000000	p1_n	5	95.702	1000000:5.003925732e8
p1	points	wkb	1000000	p1_w	6	73.016	1000000:5.003925732e8
p1	points	wkb	1000000	p1_f	6	68.498	1000000:5.003925732e8
p1	points	wkb	1000000	p1_n	6	100.181	1000000:5.003925732e8
p1	points	wkb	1000000	p1_l	6	95.767	1000000:5.003925732e8
p1	points	wkb	1000000	p1_f	7	70.867	1000000:5.003925732e8
p1	points	wkb	1000000	p1_n	7	99.830	1000000:5.003925732e8
p1	points	wkb	1000000	p1_l	7	96.956	1000000:5.003925732e8
p1	points	wkb	1000000	p1_w	7	72.181	1000000:5.003925732e8
p1	poly10	sep	100000	p1_l	1	26.999	100000:5.001889265e7
p1	poly10	sep	100000	p1_w	1	23.833	100000:5.001889265e7
p1	poly10	sep	100000	p1_f	1	23.430	100000:5.001889265e7
p1	poly10	sep	100000	p1_n	1	27.138	100000:5.001889265e7
p1	poly10	sep	100000	p1_w	2	23.437	100000:5.001889265e7
p1	poly10	sep	100000	p1_f	2	23.168	100000:5.001889265e7
p1	poly10	sep	100000	p1_n	2	26.576	100000:5.001889265e7
p1	poly10	sep	100000	p1_l	2	26.293	100000:5.001889265e7
p1	poly10	sep	100000	p1_f	3	23.210	100000:5.001889265e7
p1	poly10	sep	100000	p1_n	3	27.075	100000:5.001889265e7
p1	poly10	sep	100000	p1_l	3	27.141	100000:5.001889265e7
p1	poly10	sep	100000	p1_w	3	23.729	100000:5.001889265e7
p1	poly10	sep	100000	p1_n	4	27.032	100000:5.001889265e7
p1	poly10	sep	100000	p1_l	4	26.826	100000:5.001889265e7
p1	poly10	sep	100000	p1_w	4	23.784	100000:5.001889265e7
p1	poly10	sep	100000	p1_f	4	23.457	100000:5.001889265e7
p1	poly10	sep	100000	p1_l	5	26.597	100000:5.001889265e7
p1	poly10	sep	100000	p1_w	5	23.646	100000:5.001889265e7
p1	poly10	sep	100000	p1_f	5	23.166	100000:5.001889265e7
p1	poly10	sep	100000	p1_n	5	26.772	100000:5.001889265e7
p1	poly10	sep	100000	p1_w	6	23.557	100000:5.001889265e7
p1	poly10	sep	100000	p1_f	6	26.191	100000:5.001889265e7
p1	poly10	sep	100000	p1_n	6	28.277	100000:5.001889265e7
p1	poly10	sep	100000	p1_l	6	27.453	100000:5.001889265e7
p1	poly10	sep	100000	p1_f	7	23.981	100000:5.001889265e7
p1	poly10	sep	100000	p1_n	7	29.113	100000:5.001889265e7
p1	poly10	sep	100000	p1_l	7	27.156	100000:5.001889265e7
p1	poly10	sep	100000	p1_w	7	23.714	100000:5.001889265e7
p1	poly10	wkb	100000	p1_l	1	22.991	100000:5.001889265e7
p1	poly10	wkb	100000	p1_w	1	19.972	100000:5.001889265e7
p1	poly10	wkb	100000	p1_f	1	19.369	100000:5.001889265e7
p1	poly10	wkb	100000	p1_n	1	22.859	100000:5.001889265e7
p1	poly10	wkb	100000	p1_w	2	19.037	100000:5.001889265e7
p1	poly10	wkb	100000	p1_f	2	18.415	100000:5.001889265e7
p1	poly10	wkb	100000	p1_n	2	24.879	100000:5.001889265e7
p1	poly10	wkb	100000	p1_l	2	22.708	100000:5.001889265e7
p1	poly10	wkb	100000	p1_f	3	19.176	100000:5.001889265e7
p1	poly10	wkb	100000	p1_n	3	22.910	100000:5.001889265e7
p1	poly10	wkb	100000	p1_l	3	22.076	100000:5.001889265e7
p1	poly10	wkb	100000	p1_w	3	19.268	100000:5.001889265e7
p1	poly10	wkb	100000	p1_n	4	22.403	100000:5.001889265e7
p1	poly10	wkb	100000	p1_l	4	21.740	100000:5.001889265e7
p1	poly10	wkb	100000	p1_w	4	19.064	100000:5.001889265e7
p1	poly10	wkb	100000	p1_f	4	18.436	100000:5.001889265e7
p1	poly10	wkb	100000	p1_l	5	21.509	100000:5.001889265e7
p1	poly10	wkb	100000	p1_w	5	18.790	100000:5.001889265e7
p1	poly10	wkb	100000	p1_f	5	18.233	100000:5.001889265e7
p1	poly10	wkb	100000	p1_n	5	22.190	100000:5.001889265e7
p1	poly10	wkb	100000	p1_w	6	19.323	100000:5.001889265e7
p1	poly10	wkb	100000	p1_f	6	18.462	100000:5.001889265e7
p1	poly10	wkb	100000	p1_n	6	22.090	100000:5.001889265e7
p1	poly10	wkb	100000	p1_l	6	21.726	100000:5.001889265e7
p1	poly10	wkb	100000	p1_f	7	18.623	100000:5.001889265e7
p1	poly10	wkb	100000	p1_n	7	22.608	100000:5.001889265e7
p1	poly10	wkb	100000	p1_l	7	21.983	100000:5.001889265e7
p1	poly10	wkb	100000	p1_w	7	18.957	100000:5.001889265e7
p1	poly100	sep	100000	p1_l	1	143.700	100000:4.987093365e7
p1	poly100	sep	100000	p1_w	1	137.462	100000:4.987093365e7
p1	poly100	sep	100000	p1_f	1	143.487	100000:4.987093365e7
p1	poly100	sep	100000	p1_n	1	145.020	100000:4.987093365e7
p1	poly100	sep	100000	p1_w	2	145.708	100000:4.987093365e7
p1	poly100	sep	100000	p1_f	2	139.668	100000:4.987093365e7
p1	poly100	sep	100000	p1_n	2	141.211	100000:4.987093365e7
p1	poly100	sep	100000	p1_l	2	140.759	100000:4.987093365e7
p1	poly100	sep	100000	p1_f	3	136.905	100000:4.987093365e7
p1	poly100	sep	100000	p1_n	3	148.370	100000:4.987093365e7
p1	poly100	sep	100000	p1_l	3	148.386	100000:4.987093365e7
p1	poly100	sep	100000	p1_w	3	142.561	100000:4.987093365e7
p1	poly100	sep	100000	p1_n	4	141.741	100000:4.987093365e7
p1	poly100	sep	100000	p1_l	4	141.038	100000:4.987093365e7
p1	poly100	sep	100000	p1_w	4	137.877	100000:4.987093365e7
p1	poly100	sep	100000	p1_f	4	142.456	100000:4.987093365e7
p1	poly100	sep	100000	p1_l	5	149.333	100000:4.987093365e7
p1	poly100	sep	100000	p1_w	5	144.744	100000:4.987093365e7
p1	poly100	sep	100000	p1_f	5	137.628	100000:4.987093365e7
p1	poly100	sep	100000	p1_n	5	141.515	100000:4.987093365e7
p1	poly100	sep	100000	p1_w	6	139.314	100000:4.987093365e7
p1	poly100	sep	100000	p1_f	6	143.495	100000:4.987093365e7
p1	poly100	sep	100000	p1_n	6	145.773	100000:4.987093365e7
p1	poly100	sep	100000	p1_l	6	147.536	100000:4.987093365e7
p1	poly100	sep	100000	p1_f	7	144.997	100000:4.987093365e7
p1	poly100	sep	100000	p1_n	7	142.669	100000:4.987093365e7
p1	poly100	sep	100000	p1_l	7	141.420	100000:4.987093365e7
p1	poly100	sep	100000	p1_w	7	138.230	100000:4.987093365e7
p1	poly100	wkb	100000	p1_l	1	85.851	100000:4.987093365e7
p1	poly100	wkb	100000	p1_w	1	88.085	100000:4.987093365e7
p1	poly100	wkb	100000	p1_f	1	82.473	100000:4.987093365e7
p1	poly100	wkb	100000	p1_n	1	85.256	100000:4.987093365e7
p1	poly100	wkb	100000	p1_w	2	79.748	100000:4.987093365e7
p1	poly100	wkb	100000	p1_f	2	79.094	100000:4.987093365e7
p1	poly100	wkb	100000	p1_n	2	85.511	100000:4.987093365e7
p1	poly100	wkb	100000	p1_l	2	85.631	100000:4.987093365e7
p1	poly100	wkb	100000	p1_f	3	82.946	100000:4.987093365e7
p1	poly100	wkb	100000	p1_n	3	89.007	100000:4.987093365e7
p1	poly100	wkb	100000	p1_l	3	87.049	100000:4.987093365e7
p1	poly100	wkb	100000	p1_w	3	82.060	100000:4.987093365e7
p1	poly100	wkb	100000	p1_n	4	84.320	100000:4.987093365e7
p1	poly100	wkb	100000	p1_l	4	84.130	100000:4.987093365e7
p1	poly100	wkb	100000	p1_w	4	81.533	100000:4.987093365e7
p1	poly100	wkb	100000	p1_f	4	81.055	100000:4.987093365e7
p1	poly100	wkb	100000	p1_l	5	83.689	100000:4.987093365e7
p1	poly100	wkb	100000	p1_w	5	81.625	100000:4.987093365e7
p1	poly100	wkb	100000	p1_f	5	83.346	100000:4.987093365e7
p1	poly100	wkb	100000	p1_n	5	85.244	100000:4.987093365e7
p1	poly100	wkb	100000	p1_w	6	83.456	100000:4.987093365e7
p1	poly100	wkb	100000	p1_f	6	84.452	100000:4.987093365e7
p1	poly100	wkb	100000	p1_n	6	86.960	100000:4.987093365e7
p1	poly100	wkb	100000	p1_l	6	84.707	100000:4.987093365e7
p1	poly100	wkb	100000	p1_f	7	80.456	100000:4.987093365e7
p1	poly100	wkb	100000	p1_n	7	86.775	100000:4.987093365e7
p1	poly100	wkb	100000	p1_l	7	87.298	100000:4.987093365e7
p1	poly100	wkb	100000	p1_w	7	84.552	100000:4.987093365e7
p1	poly1000	sep	10000	p1_l	1	131.915	10000:4.993714370e6
p1	poly1000	sep	10000	p1_w	1	127.719	10000:4.993714370e6
p1	poly1000	sep	10000	p1_f	1	128.765	10000:4.993714370e6
p1	poly1000	sep	10000	p1_n	1	129.866	10000:4.993714370e6
p1	poly1000	sep	10000	p1_w	2	138.575	10000:4.993714370e6
p1	poly1000	sep	10000	p1_f	2	133.473	10000:4.993714370e6
p1	poly1000	sep	10000	p1_n	2	134.461	10000:4.993714370e6
p1	poly1000	sep	10000	p1_l	2	131.498	10000:4.993714370e6
p1	poly1000	sep	10000	p1_f	3	127.772	10000:4.993714370e6
p1	poly1000	sep	10000	p1_n	3	128.713	10000:4.993714370e6
p1	poly1000	sep	10000	p1_l	3	128.808	10000:4.993714370e6
p1	poly1000	sep	10000	p1_w	3	134.791	10000:4.993714370e6
p1	poly1000	sep	10000	p1_n	4	136.534	10000:4.993714370e6
p1	poly1000	sep	10000	p1_l	4	131.182	10000:4.993714370e6
p1	poly1000	sep	10000	p1_w	4	127.854	10000:4.993714370e6
p1	poly1000	sep	10000	p1_f	4	134.282	10000:4.993714370e6
p1	poly1000	sep	10000	p1_l	5	130.196	10000:4.993714370e6
p1	poly1000	sep	10000	p1_w	5	127.657	10000:4.993714370e6
p1	poly1000	sep	10000	p1_f	5	130.770	10000:4.993714370e6
p1	poly1000	sep	10000	p1_n	5	134.063	10000:4.993714370e6
p1	poly1000	sep	10000	p1_w	6	135.083	10000:4.993714370e6
p1	poly1000	sep	10000	p1_f	6	128.900	10000:4.993714370e6
p1	poly1000	sep	10000	p1_n	6	128.736	10000:4.993714370e6
p1	poly1000	sep	10000	p1_l	6	139.819	10000:4.993714370e6
p1	poly1000	sep	10000	p1_f	7	129.437	10000:4.993714370e6
p1	poly1000	sep	10000	p1_n	7	128.549	10000:4.993714370e6
p1	poly1000	sep	10000	p1_l	7	136.996	10000:4.993714370e6
p1	poly1000	sep	10000	p1_w	7	133.857	10000:4.993714370e6
p1	poly1000	wkb	10000	p1_l	1	70.108	10000:4.993714370e6
p1	poly1000	wkb	10000	p1_w	1	69.166	10000:4.993714370e6
p1	poly1000	wkb	10000	p1_f	1	72.695	10000:4.993714370e6
p1	poly1000	wkb	10000	p1_n	1	74.185	10000:4.993714370e6
p1	poly1000	wkb	10000	p1_w	2	70.930	10000:4.993714370e6
p1	poly1000	wkb	10000	p1_f	2	69.382	10000:4.993714370e6
p1	poly1000	wkb	10000	p1_n	2	75.581	10000:4.993714370e6
p1	poly1000	wkb	10000	p1_l	2	72.158	10000:4.993714370e6
p1	poly1000	wkb	10000	p1_f	3	69.845	10000:4.993714370e6
p1	poly1000	wkb	10000	p1_n	3	70.770	10000:4.993714370e6
p1	poly1000	wkb	10000	p1_l	3	70.440	10000:4.993714370e6
p1	poly1000	wkb	10000	p1_w	3	69.810	10000:4.993714370e6
p1	poly1000	wkb	10000	p1_n	4	70.162	10000:4.993714370e6
p1	poly1000	wkb	10000	p1_l	4	70.065	10000:4.993714370e6
p1	poly1000	wkb	10000	p1_w	4	69.263	10000:4.993714370e6
p1	poly1000	wkb	10000	p1_f	4	69.155	10000:4.993714370e6
p1	poly1000	wkb	10000	p1_l	5	75.706	10000:4.993714370e6
p1	poly1000	wkb	10000	p1_w	5	74.197	10000:4.993714370e6
p1	poly1000	wkb	10000	p1_f	5	71.668	10000:4.993714370e6
p1	poly1000	wkb	10000	p1_n	5	70.509	10000:4.993714370e6
p1	poly1000	wkb	10000	p1_w	6	73.937	10000:4.993714370e6
p1	poly1000	wkb	10000	p1_f	6	71.436	10000:4.993714370e6
p1	poly1000	wkb	10000	p1_n	6	70.511	10000:4.993714370e6
p1	poly1000	wkb	10000	p1_l	6	69.836	10000:4.993714370e6
p1	poly1000	wkb	10000	p1_f	7	69.641	10000:4.993714370e6
p1	poly1000	wkb	10000	p1_n	7	70.520	10000:4.993714370e6
p1	poly1000	wkb	10000	p1_l	7	70.017	10000:4.993714370e6
p1	poly1000	wkb	10000	p1_w	7	69.040	10000:4.993714370e6
p2	points	sep	1000000	p2_l	1	99.132	1000000:0.000000000e0
p2	points	sep	1000000	p2_w	1	75.222	1000000:0.000000000e0
p2	points	sep	1000000	p2_f	1	70.021	1000000:0.000000000e0
p2	points	sep	1000000	p2_n	1	96.348	1000000:0.000000000e0
p2	points	sep	1000000	p2_w	2	73.266	1000000:0.000000000e0
p2	points	sep	1000000	p2_f	2	70.371	1000000:0.000000000e0
p2	points	sep	1000000	p2_n	2	98.178	1000000:0.000000000e0
p2	points	sep	1000000	p2_l	2	97.033	1000000:0.000000000e0
p2	points	sep	1000000	p2_f	3	72.547	1000000:0.000000000e0
p2	points	sep	1000000	p2_n	3	99.020	1000000:0.000000000e0
p2	points	sep	1000000	p2_l	3	97.056	1000000:0.000000000e0
p2	points	sep	1000000	p2_w	3	73.006	1000000:0.000000000e0
p2	points	sep	1000000	p2_n	4	100.663	1000000:0.000000000e0
p2	points	sep	1000000	p2_l	4	98.422	1000000:0.000000000e0
p2	points	sep	1000000	p2_w	4	72.216	1000000:0.000000000e0
p2	points	sep	1000000	p2_f	4	68.920	1000000:0.000000000e0
p2	points	sep	1000000	p2_l	5	96.126	1000000:0.000000000e0
p2	points	sep	1000000	p2_w	5	72.824	1000000:0.000000000e0
p2	points	sep	1000000	p2_f	5	69.532	1000000:0.000000000e0
p2	points	sep	1000000	p2_n	5	101.278	1000000:0.000000000e0
p2	points	sep	1000000	p2_w	6	74.716	1000000:0.000000000e0
p2	points	sep	1000000	p2_f	6	69.933	1000000:0.000000000e0
p2	points	sep	1000000	p2_n	6	97.723	1000000:0.000000000e0
p2	points	sep	1000000	p2_l	6	98.640	1000000:0.000000000e0
p2	points	sep	1000000	p2_f	7	72.451	1000000:0.000000000e0
p2	points	sep	1000000	p2_n	7	98.167	1000000:0.000000000e0
p2	points	sep	1000000	p2_l	7	97.337	1000000:0.000000000e0
p2	points	sep	1000000	p2_w	7	72.296	1000000:0.000000000e0
p2	points	wkb	1000000	p2_l	1	113.126	1000000:0.000000000e0
p2	points	wkb	1000000	p2_w	1	91.025	1000000:0.000000000e0
p2	points	wkb	1000000	p2_f	1	87.918	1000000:0.000000000e0
p2	points	wkb	1000000	p2_n	1	118.966	1000000:0.000000000e0
p2	points	wkb	1000000	p2_w	2	93.509	1000000:0.000000000e0
p2	points	wkb	1000000	p2_f	2	85.631	1000000:0.000000000e0
p2	points	wkb	1000000	p2_n	2	114.115	1000000:0.000000000e0
p2	points	wkb	1000000	p2_l	2	116.301	1000000:0.000000000e0
p2	points	wkb	1000000	p2_f	3	84.138	1000000:0.000000000e0
p2	points	wkb	1000000	p2_n	3	113.553	1000000:0.000000000e0
p2	points	wkb	1000000	p2_l	3	112.207	1000000:0.000000000e0
p2	points	wkb	1000000	p2_w	3	92.623	1000000:0.000000000e0
p2	points	wkb	1000000	p2_n	4	115.575	1000000:0.000000000e0
p2	points	wkb	1000000	p2_l	4	112.185	1000000:0.000000000e0
p2	points	wkb	1000000	p2_w	4	89.588	1000000:0.000000000e0
p2	points	wkb	1000000	p2_f	4	83.592	1000000:0.000000000e0
p2	points	wkb	1000000	p2_l	5	115.795	1000000:0.000000000e0
p2	points	wkb	1000000	p2_w	5	91.184	1000000:0.000000000e0
p2	points	wkb	1000000	p2_f	5	83.496	1000000:0.000000000e0
p2	points	wkb	1000000	p2_n	5	113.378	1000000:0.000000000e0
p2	points	wkb	1000000	p2_w	6	90.986	1000000:0.000000000e0
p2	points	wkb	1000000	p2_f	6	86.655	1000000:0.000000000e0
p2	points	wkb	1000000	p2_n	6	115.741	1000000:0.000000000e0
p2	points	wkb	1000000	p2_l	6	112.560	1000000:0.000000000e0
p2	points	wkb	1000000	p2_f	7	84.169	1000000:0.000000000e0
p2	points	wkb	1000000	p2_n	7	116.866	1000000:0.000000000e0
p2	points	wkb	1000000	p2_l	7	114.933	1000000:0.000000000e0
p2	points	wkb	1000000	p2_w	7	90.023	1000000:0.000000000e0
p2	poly10	sep	100000	p2_l	1	103.539	100000:2.046057022e5
p2	poly10	sep	100000	p2_w	1	93.926	100000:2.046057022e5
p2	poly10	sep	100000	p2_f	1	90.512	100000:2.046057022e5
p2	poly10	sep	100000	p2_n	1	104.011	100000:2.046057022e5
p2	poly10	sep	100000	p2_w	2	93.784	100000:2.046057022e5
p2	poly10	sep	100000	p2_f	2	90.146	100000:2.046057022e5
p2	poly10	sep	100000	p2_n	2	99.538	100000:2.046057022e5
p2	poly10	sep	100000	p2_l	2	99.164	100000:2.046057022e5
p2	poly10	sep	100000	p2_f	3	88.675	100000:2.046057022e5
p2	poly10	sep	100000	p2_n	3	103.404	100000:2.046057022e5
p2	poly10	sep	100000	p2_l	3	101.298	100000:2.046057022e5
p2	poly10	sep	100000	p2_w	3	92.494	100000:2.046057022e5
p2	poly10	sep	100000	p2_n	4	102.302	100000:2.046057022e5
p2	poly10	sep	100000	p2_l	4	102.747	100000:2.046057022e5
p2	poly10	sep	100000	p2_w	4	91.509	100000:2.046057022e5
p2	poly10	sep	100000	p2_f	4	89.882	100000:2.046057022e5
p2	poly10	sep	100000	p2_l	5	98.666	100000:2.046057022e5
p2	poly10	sep	100000	p2_w	5	91.833	100000:2.046057022e5
p2	poly10	sep	100000	p2_f	5	90.966	100000:2.046057022e5
p2	poly10	sep	100000	p2_n	5	103.836	100000:2.046057022e5
p2	poly10	sep	100000	p2_w	6	92.413	100000:2.046057022e5
p2	poly10	sep	100000	p2_f	6	90.742	100000:2.046057022e5
p2	poly10	sep	100000	p2_n	6	102.485	100000:2.046057022e5
p2	poly10	sep	100000	p2_l	6	103.126	100000:2.046057022e5
p2	poly10	sep	100000	p2_f	7	90.360	100000:2.046057022e5
p2	poly10	sep	100000	p2_n	7	99.343	100000:2.046057022e5
p2	poly10	sep	100000	p2_l	7	100.514	100000:2.046057022e5
p2	poly10	sep	100000	p2_w	7	96.058	100000:2.046057022e5
p2	poly10	wkb	100000	p2_l	1	99.420	100000:2.046057022e5
p2	poly10	wkb	100000	p2_w	1	88.343	100000:2.046057022e5
p2	poly10	wkb	100000	p2_f	1	84.450	100000:2.046057022e5
p2	poly10	wkb	100000	p2_n	1	95.600	100000:2.046057022e5
p2	poly10	wkb	100000	p2_w	2	86.372	100000:2.046057022e5
p2	poly10	wkb	100000	p2_f	2	85.202	100000:2.046057022e5
p2	poly10	wkb	100000	p2_n	2	95.664	100000:2.046057022e5
p2	poly10	wkb	100000	p2_l	2	95.516	100000:2.046057022e5
p2	poly10	wkb	100000	p2_f	3	87.784	100000:2.046057022e5
p2	poly10	wkb	100000	p2_n	3	98.349	100000:2.046057022e5
p2	poly10	wkb	100000	p2_l	3	98.118	100000:2.046057022e5
p2	poly10	wkb	100000	p2_w	3	89.476	100000:2.046057022e5
p2	poly10	wkb	100000	p2_n	4	96.680	100000:2.046057022e5
p2	poly10	wkb	100000	p2_l	4	95.711	100000:2.046057022e5
p2	poly10	wkb	100000	p2_w	4	87.509	100000:2.046057022e5
p2	poly10	wkb	100000	p2_f	4	85.407	100000:2.046057022e5
p2	poly10	wkb	100000	p2_l	5	95.170	100000:2.046057022e5
p2	poly10	wkb	100000	p2_w	5	86.490	100000:2.046057022e5
p2	poly10	wkb	100000	p2_f	5	85.024	100000:2.046057022e5
p2	poly10	wkb	100000	p2_n	5	101.574	100000:2.046057022e5
p2	poly10	wkb	100000	p2_w	6	88.055	100000:2.046057022e5
p2	poly10	wkb	100000	p2_f	6	88.170	100000:2.046057022e5
p2	poly10	wkb	100000	p2_n	6	97.251	100000:2.046057022e5
p2	poly10	wkb	100000	p2_l	6	94.803	100000:2.046057022e5
p2	poly10	wkb	100000	p2_f	7	85.133	100000:2.046057022e5
p2	poly10	wkb	100000	p2_n	7	96.548	100000:2.046057022e5
p2	poly10	wkb	100000	p2_l	7	95.038	100000:2.046057022e5
p2	poly10	wkb	100000	p2_w	7	87.269	100000:2.046057022e5
p2	poly100	sep	100000	p2_l	1	936.935	100000:2.248553719e5
p2	poly100	sep	100000	p2_w	1	907.748	100000:2.248553719e5
p2	poly100	sep	100000	p2_f	1	900.016	100000:2.248553719e5
p2	poly100	sep	100000	p2_n	1	945.613	100000:2.248553719e5
p2	poly100	sep	100000	p2_w	2	917.358	100000:2.248553719e5
p2	poly100	sep	100000	p2_f	2	909.138	100000:2.248553719e5
p2	poly100	sep	100000	p2_n	2	938.900	100000:2.248553719e5
p2	poly100	sep	100000	p2_l	2	938.552	100000:2.248553719e5
p2	poly100	sep	100000	p2_f	3	918.207	100000:2.248553719e5
p2	poly100	sep	100000	p2_n	3	936.273	100000:2.248553719e5
p2	poly100	sep	100000	p2_l	3	940.325	100000:2.248553719e5
p2	poly100	sep	100000	p2_w	3	914.654	100000:2.248553719e5
p2	poly100	sep	100000	p2_n	4	942.021	100000:2.248553719e5
p2	poly100	sep	100000	p2_l	4	947.082	100000:2.248553719e5
p2	poly100	sep	100000	p2_w	4	921.283	100000:2.248553719e5
p2	poly100	sep	100000	p2_f	4	913.723	100000:2.248553719e5
p2	poly100	sep	100000	p2_l	5	935.844	100000:2.248553719e5
p2	poly100	sep	100000	p2_w	5	918.378	100000:2.248553719e5
p2	poly100	sep	100000	p2_f	5	905.268	100000:2.248553719e5
p2	poly100	sep	100000	p2_n	5	952.435	100000:2.248553719e5
p2	poly100	sep	100000	p2_w	6	920.409	100000:2.248553719e5
p2	poly100	sep	100000	p2_f	6	914.106	100000:2.248553719e5
p2	poly100	sep	100000	p2_n	6	938.588	100000:2.248553719e5
p2	poly100	sep	100000	p2_l	6	933.639	100000:2.248553719e5
p2	poly100	sep	100000	p2_f	7	929.106	100000:2.248553719e5
p2	poly100	sep	100000	p2_n	7	937.817	100000:2.248553719e5
p2	poly100	sep	100000	p2_l	7	935.133	100000:2.248553719e5
p2	poly100	sep	100000	p2_w	7	920.147	100000:2.248553719e5
p2	poly100	wkb	100000	p2_l	1	887.547	100000:2.248553719e5
p2	poly100	wkb	100000	p2_w	1	864.002	100000:2.248553719e5
p2	poly100	wkb	100000	p2_f	1	842.458	100000:2.248553719e5
p2	poly100	wkb	100000	p2_n	1	893.127	100000:2.248553719e5
p2	poly100	wkb	100000	p2_w	2	867.849	100000:2.248553719e5
p2	poly100	wkb	100000	p2_f	2	846.802	100000:2.248553719e5
p2	poly100	wkb	100000	p2_n	2	885.916	100000:2.248553719e5
p2	poly100	wkb	100000	p2_l	2	888.453	100000:2.248553719e5
p2	poly100	wkb	100000	p2_f	3	851.584	100000:2.248553719e5
p2	poly100	wkb	100000	p2_n	3	886.574	100000:2.248553719e5
p2	poly100	wkb	100000	p2_l	3	879.904	100000:2.248553719e5
p2	poly100	wkb	100000	p2_w	3	854.416	100000:2.248553719e5
p2	poly100	wkb	100000	p2_n	4	884.041	100000:2.248553719e5
p2	poly100	wkb	100000	p2_l	4	883.862	100000:2.248553719e5
p2	poly100	wkb	100000	p2_w	4	866.652	100000:2.248553719e5
p2	poly100	wkb	100000	p2_f	4	850.959	100000:2.248553719e5
p2	poly100	wkb	100000	p2_l	5	885.525	100000:2.248553719e5
p2	poly100	wkb	100000	p2_w	5	850.905	100000:2.248553719e5
p2	poly100	wkb	100000	p2_f	5	843.542	100000:2.248553719e5
p2	poly100	wkb	100000	p2_n	5	888.166	100000:2.248553719e5
p2	poly100	wkb	100000	p2_w	6	865.343	100000:2.248553719e5
p2	poly100	wkb	100000	p2_f	6	851.983	100000:2.248553719e5
p2	poly100	wkb	100000	p2_n	6	886.784	100000:2.248553719e5
p2	poly100	wkb	100000	p2_l	6	884.995	100000:2.248553719e5
p2	poly100	wkb	100000	p2_f	7	857.259	100000:2.248553719e5
p2	poly100	wkb	100000	p2_n	7	885.011	100000:2.248553719e5
p2	poly100	wkb	100000	p2_l	7	883.150	100000:2.248553719e5
p2	poly100	wkb	100000	p2_w	7	866.063	100000:2.248553719e5
p2	poly1000	sep	10000	p2_l	1	1096.367	10000:2.204734429e4
p2	poly1000	sep	10000	p2_w	1	1092.480	10000:2.204734429e4
p2	poly1000	sep	10000	p2_f	1	1083.248	10000:2.204734429e4
p2	poly1000	sep	10000	p2_n	1	1099.159	10000:2.204734429e4
p2	poly1000	sep	10000	p2_w	2	1091.163	10000:2.204734429e4
p2	poly1000	sep	10000	p2_f	2	1087.966	10000:2.204734429e4
p2	poly1000	sep	10000	p2_n	2	1100.890	10000:2.204734429e4
p2	poly1000	sep	10000	p2_l	2	1103.305	10000:2.204734429e4
p2	poly1000	sep	10000	p2_f	3	1094.849	10000:2.204734429e4
p2	poly1000	sep	10000	p2_n	3	1095.700	10000:2.204734429e4
p2	poly1000	sep	10000	p2_l	3	1094.700	10000:2.204734429e4
p2	poly1000	sep	10000	p2_w	3	1087.112	10000:2.204734429e4
p2	poly1000	sep	10000	p2_n	4	1089.541	10000:2.204734429e4
p2	poly1000	sep	10000	p2_l	4	1096.843	10000:2.204734429e4
p2	poly1000	sep	10000	p2_w	4	1085.091	10000:2.204734429e4
p2	poly1000	sep	10000	p2_f	4	1098.447	10000:2.204734429e4
p2	poly1000	sep	10000	p2_l	5	1109.889	10000:2.204734429e4
p2	poly1000	sep	10000	p2_w	5	1093.912	10000:2.204734429e4
p2	poly1000	sep	10000	p2_f	5	1094.102	10000:2.204734429e4
p2	poly1000	sep	10000	p2_n	5	1098.396	10000:2.204734429e4
p2	poly1000	sep	10000	p2_w	6	1087.735	10000:2.204734429e4
p2	poly1000	sep	10000	p2_f	6	1086.999	10000:2.204734429e4
p2	poly1000	sep	10000	p2_n	6	1103.994	10000:2.204734429e4
p2	poly1000	sep	10000	p2_l	6	1100.163	10000:2.204734429e4
p2	poly1000	sep	10000	p2_f	7	1091.368	10000:2.204734429e4
p2	poly1000	sep	10000	p2_n	7	1104.582	10000:2.204734429e4
p2	poly1000	sep	10000	p2_l	7	1103.109	10000:2.204734429e4
p2	poly1000	sep	10000	p2_w	7	1095.301	10000:2.204734429e4
p2	poly1000	wkb	10000	p2_l	1	1026.633	10000:2.204734429e4
p2	poly1000	wkb	10000	p2_w	1	1013.897	10000:2.204734429e4
p2	poly1000	wkb	10000	p2_f	1	1009.587	10000:2.204734429e4
p2	poly1000	wkb	10000	p2_n	1	1060.181	10000:2.204734429e4
p2	poly1000	wkb	10000	p2_w	2	1039.887	10000:2.204734429e4
p2	poly1000	wkb	10000	p2_f	2	1015.256	10000:2.204734429e4
p2	poly1000	wkb	10000	p2_n	2	1023.960	10000:2.204734429e4
p2	poly1000	wkb	10000	p2_l	2	1024.466	10000:2.204734429e4
p2	poly1000	wkb	10000	p2_f	3	1014.943	10000:2.204734429e4
p2	poly1000	wkb	10000	p2_n	3	1034.918	10000:2.204734429e4
p2	poly1000	wkb	10000	p2_l	3	1023.782	10000:2.204734429e4
p2	poly1000	wkb	10000	p2_w	3	1014.854	10000:2.204734429e4
p2	poly1000	wkb	10000	p2_n	4	1021.727	10000:2.204734429e4
p2	poly1000	wkb	10000	p2_l	4	1030.222	10000:2.204734429e4
p2	poly1000	wkb	10000	p2_w	4	1021.714	10000:2.204734429e4
p2	poly1000	wkb	10000	p2_f	4	1039.635	10000:2.204734429e4
p2	poly1000	wkb	10000	p2_l	5	1084.586	10000:2.204734429e4
p2	poly1000	wkb	10000	p2_w	5	1026.606	10000:2.204734429e4
p2	poly1000	wkb	10000	p2_f	5	1040.881	10000:2.204734429e4
p2	poly1000	wkb	10000	p2_n	5	1043.121	10000:2.204734429e4
p2	poly1000	wkb	10000	p2_w	6	1051.649	10000:2.204734429e4
p2	poly1000	wkb	10000	p2_f	6	1015.767	10000:2.204734429e4
p2	poly1000	wkb	10000	p2_n	6	1032.964	10000:2.204734429e4
p2	poly1000	wkb	10000	p2_l	6	1041.797	10000:2.204734429e4
p2	poly1000	wkb	10000	p2_f	7	1021.551	10000:2.204734429e4
p2	poly1000	wkb	10000	p2_n	7	1029.645	10000:2.204734429e4
p2	poly1000	wkb	10000	p2_l	7	1036.020	10000:2.204734429e4
p2	poly1000	wkb	10000	p2_w	7	1037.525	10000:2.204734429e4
p3	points	sep	1000000	p3_l	1	228.545	1000000:4.232361100e7
p3	points	sep	1000000	p3_w	1	210.532	1000000:4.232361100e7
p3	points	sep	1000000	p3_f	1	213.190	1000000:4.232361100e7
p3	points	sep	1000000	p3_n	1	232.732	1000000:4.232361100e7
p3	points	sep	1000000	p3_w	2	210.932	1000000:4.232361100e7
p3	points	sep	1000000	p3_f	2	207.623	1000000:4.232361100e7
p3	points	sep	1000000	p3_n	2	238.144	1000000:4.232361100e7
p3	points	sep	1000000	p3_l	2	230.976	1000000:4.232361100e7
p3	points	sep	1000000	p3_f	3	217.875	1000000:4.232361100e7
p3	points	sep	1000000	p3_n	3	232.330	1000000:4.232361100e7
p3	points	sep	1000000	p3_l	3	233.157	1000000:4.232361100e7
p3	points	sep	1000000	p3_w	3	214.937	1000000:4.232361100e7
p3	points	sep	1000000	p3_n	4	231.115	1000000:4.232361100e7
p3	points	sep	1000000	p3_l	4	230.408	1000000:4.232361100e7
p3	points	sep	1000000	p3_w	4	210.289	1000000:4.232361100e7
p3	points	sep	1000000	p3_f	4	216.700	1000000:4.232361100e7
p3	points	sep	1000000	p3_l	5	228.943	1000000:4.232361100e7
p3	points	sep	1000000	p3_w	5	211.608	1000000:4.232361100e7
p3	points	sep	1000000	p3_f	5	207.833	1000000:4.232361100e7
p3	points	sep	1000000	p3_n	5	236.527	1000000:4.232361100e7
p3	points	sep	1000000	p3_w	6	215.005	1000000:4.232361100e7
p3	points	sep	1000000	p3_f	6	206.827	1000000:4.232361100e7
p3	points	sep	1000000	p3_n	6	232.554	1000000:4.232361100e7
p3	points	sep	1000000	p3_l	6	233.730	1000000:4.232361100e7
p3	points	sep	1000000	p3_f	7	210.719	1000000:4.232361100e7
p3	points	sep	1000000	p3_n	7	229.495	1000000:4.232361100e7
p3	points	sep	1000000	p3_l	7	230.809	1000000:4.232361100e7
p3	points	sep	1000000	p3_w	7	215.608	1000000:4.232361100e7
p3	points	wkb	1000000	p3_l	1	250.521	1000000:4.232361100e7
p3	points	wkb	1000000	p3_w	1	235.962	1000000:4.232361100e7
p3	points	wkb	1000000	p3_f	1	232.029	1000000:4.232361100e7
p3	points	wkb	1000000	p3_n	1	262.156	1000000:4.232361100e7
p3	points	wkb	1000000	p3_w	2	243.308	1000000:4.232361100e7
p3	points	wkb	1000000	p3_f	2	230.829	1000000:4.232361100e7
p3	points	wkb	1000000	p3_n	2	251.929	1000000:4.232361100e7
p3	points	wkb	1000000	p3_l	2	259.196	1000000:4.232361100e7
p3	points	wkb	1000000	p3_f	3	237.694	1000000:4.232361100e7
p3	points	wkb	1000000	p3_n	3	262.450	1000000:4.232361100e7
p3	points	wkb	1000000	p3_l	3	253.985	1000000:4.232361100e7
p3	points	wkb	1000000	p3_w	3	246.098	1000000:4.232361100e7
p3	points	wkb	1000000	p3_n	4	254.437	1000000:4.232361100e7
p3	points	wkb	1000000	p3_l	4	248.117	1000000:4.232361100e7
p3	points	wkb	1000000	p3_w	4	238.494	1000000:4.232361100e7
p3	points	wkb	1000000	p3_f	4	229.359	1000000:4.232361100e7
p3	points	wkb	1000000	p3_l	5	248.954	1000000:4.232361100e7
p3	points	wkb	1000000	p3_w	5	236.827	1000000:4.232361100e7
p3	points	wkb	1000000	p3_f	5	230.506	1000000:4.232361100e7
p3	points	wkb	1000000	p3_n	5	261.439	1000000:4.232361100e7
p3	points	wkb	1000000	p3_w	6	248.137	1000000:4.232361100e7
p3	points	wkb	1000000	p3_f	6	235.552	1000000:4.232361100e7
p3	points	wkb	1000000	p3_n	6	269.510	1000000:4.232361100e7
p3	points	wkb	1000000	p3_l	6	262.881	1000000:4.232361100e7
p3	points	wkb	1000000	p3_f	7	238.323	1000000:4.232361100e7
p3	points	wkb	1000000	p3_n	7	265.806	1000000:4.232361100e7
p3	points	wkb	1000000	p3_l	7	280.064	1000000:4.232361100e7
p3	points	wkb	1000000	p3_w	7	248.803	1000000:4.232361100e7
p3	poly10	sep	100000	p3_l	1	195.880	100000:4.095598800e7
p3	poly10	sep	100000	p3_w	1	181.597	100000:4.095598800e7
p3	poly10	sep	100000	p3_f	1	188.841	100000:4.095598800e7
p3	poly10	sep	100000	p3_n	1	199.050	100000:4.095598800e7
p3	poly10	sep	100000	p3_w	2	182.811	100000:4.095598800e7
p3	poly10	sep	100000	p3_f	2	184.946	100000:4.095598800e7
p3	poly10	sep	100000	p3_n	2	193.886	100000:4.095598800e7
p3	poly10	sep	100000	p3_l	2	187.554	100000:4.095598800e7
p3	poly10	sep	100000	p3_f	3	185.701	100000:4.095598800e7
p3	poly10	sep	100000	p3_n	3	196.116	100000:4.095598800e7
p3	poly10	sep	100000	p3_l	3	195.628	100000:4.095598800e7
p3	poly10	sep	100000	p3_w	3	183.961	100000:4.095598800e7
p3	poly10	sep	100000	p3_n	4	193.098	100000:4.095598800e7
p3	poly10	sep	100000	p3_l	4	187.216	100000:4.095598800e7
p3	poly10	sep	100000	p3_w	4	184.396	100000:4.095598800e7
p3	poly10	sep	100000	p3_f	4	182.590	100000:4.095598800e7
p3	poly10	sep	100000	p3_l	5	188.061	100000:4.095598800e7
p3	poly10	sep	100000	p3_w	5	181.787	100000:4.095598800e7
p3	poly10	sep	100000	p3_f	5	181.892	100000:4.095598800e7
p3	poly10	sep	100000	p3_n	5	195.348	100000:4.095598800e7
p3	poly10	sep	100000	p3_w	6	186.856	100000:4.095598800e7
p3	poly10	sep	100000	p3_f	6	183.263	100000:4.095598800e7
p3	poly10	sep	100000	p3_n	6	197.088	100000:4.095598800e7
p3	poly10	sep	100000	p3_l	6	188.273	100000:4.095598800e7
p3	poly10	sep	100000	p3_f	7	179.228	100000:4.095598800e7
p3	poly10	sep	100000	p3_n	7	192.348	100000:4.095598800e7
p3	poly10	sep	100000	p3_l	7	186.127	100000:4.095598800e7
p3	poly10	sep	100000	p3_w	7	182.245	100000:4.095598800e7
p3	poly10	wkb	100000	p3_l	1	183.400	100000:4.095598800e7
p3	poly10	wkb	100000	p3_w	1	175.601	100000:4.095598800e7
p3	poly10	wkb	100000	p3_f	1	176.467	100000:4.095598800e7
p3	poly10	wkb	100000	p3_n	1	185.717	100000:4.095598800e7
p3	poly10	wkb	100000	p3_w	2	174.783	100000:4.095598800e7
p3	poly10	wkb	100000	p3_f	2	175.314	100000:4.095598800e7
p3	poly10	wkb	100000	p3_n	2	184.791	100000:4.095598800e7
p3	poly10	wkb	100000	p3_l	2	181.446	100000:4.095598800e7
p3	poly10	wkb	100000	p3_f	3	173.037	100000:4.095598800e7
p3	poly10	wkb	100000	p3_n	3	188.012	100000:4.095598800e7
p3	poly10	wkb	100000	p3_l	3	182.138	100000:4.095598800e7
p3	poly10	wkb	100000	p3_w	3	175.930	100000:4.095598800e7
p3	poly10	wkb	100000	p3_n	4	187.829	100000:4.095598800e7
p3	poly10	wkb	100000	p3_l	4	182.250	100000:4.095598800e7
p3	poly10	wkb	100000	p3_w	4	175.264	100000:4.095598800e7
p3	poly10	wkb	100000	p3_f	4	175.724	100000:4.095598800e7
p3	poly10	wkb	100000	p3_l	5	182.281	100000:4.095598800e7
p3	poly10	wkb	100000	p3_w	5	177.374	100000:4.095598800e7
p3	poly10	wkb	100000	p3_f	5	175.536	100000:4.095598800e7
p3	poly10	wkb	100000	p3_n	5	185.539	100000:4.095598800e7
p3	poly10	wkb	100000	p3_w	6	176.664	100000:4.095598800e7
p3	poly10	wkb	100000	p3_f	6	175.424	100000:4.095598800e7
p3	poly10	wkb	100000	p3_n	6	193.087	100000:4.095598800e7
p3	poly10	wkb	100000	p3_l	6	194.767	100000:4.095598800e7
p3	poly10	wkb	100000	p3_f	7	173.374	100000:4.095598800e7
p3	poly10	wkb	100000	p3_n	7	188.954	100000:4.095598800e7
p3	poly10	wkb	100000	p3_l	7	183.985	100000:4.095598800e7
p3	poly10	wkb	100000	p3_w	7	180.964	100000:4.095598800e7
p3	poly100	sep	100000	p3_l	1	1586.519	100000:3.678862550e8
p3	poly100	sep	100000	p3_w	1	1501.291	100000:3.678862550e8
p3	poly100	sep	100000	p3_f	1	1492.583	100000:3.678862550e8
p3	poly100	sep	100000	p3_n	1	1603.729	100000:3.678862550e8
p3	poly100	sep	100000	p3_w	2	1539.097	100000:3.678862550e8
p3	poly100	sep	100000	p3_f	2	1546.174	100000:3.678862550e8
p3	poly100	sep	100000	p3_n	2	1715.143	100000:3.678862550e8
p3	poly100	sep	100000	p3_l	2	1796.095	100000:3.678862550e8
p3	poly100	sep	100000	p3_f	3	1534.558	100000:3.678862550e8
p3	poly100	sep	100000	p3_n	3	1626.597	100000:3.678862550e8
p3	poly100	sep	100000	p3_l	3	1630.011	100000:3.678862550e8
p3	poly100	sep	100000	p3_w	3	1538.419	100000:3.678862550e8
p3	poly100	sep	100000	p3_n	4	1615.101	100000:3.678862550e8
p3	poly100	sep	100000	p3_l	4	1614.686	100000:3.678862550e8
p3	poly100	sep	100000	p3_w	4	1545.558	100000:3.678862550e8
p3	poly100	sep	100000	p3_f	4	1528.794	100000:3.678862550e8
p3	poly100	sep	100000	p3_l	5	1626.986	100000:3.678862550e8
p3	poly100	sep	100000	p3_w	5	1553.250	100000:3.678862550e8
p3	poly100	sep	100000	p3_f	5	1698.362	100000:3.678862550e8
p3	poly100	sep	100000	p3_n	5	1612.419	100000:3.678862550e8
p3	poly100	sep	100000	p3_w	6	1541.320	100000:3.678862550e8
p3	poly100	sep	100000	p3_f	6	1533.882	100000:3.678862550e8
p3	poly100	sep	100000	p3_n	6	1610.330	100000:3.678862550e8
p3	poly100	sep	100000	p3_l	6	1619.407	100000:3.678862550e8
p3	poly100	sep	100000	p3_f	7	1539.759	100000:3.678862550e8
p3	poly100	sep	100000	p3_n	7	1607.700	100000:3.678862550e8
p3	poly100	sep	100000	p3_l	7	1615.714	100000:3.678862550e8
p3	poly100	sep	100000	p3_w	7	1539.623	100000:3.678862550e8
p3	poly100	wkb	100000	p3_l	1	1535.761	100000:3.678862550e8
p3	poly100	wkb	100000	p3_w	1	1468.387	100000:3.678862550e8
p3	poly100	wkb	100000	p3_f	1	1451.646	100000:3.678862550e8
p3	poly100	wkb	100000	p3_n	1	1535.367	100000:3.678862550e8
p3	poly100	wkb	100000	p3_w	2	1470.023	100000:3.678862550e8
p3	poly100	wkb	100000	p3_f	2	1454.586	100000:3.678862550e8
p3	poly100	wkb	100000	p3_n	2	1543.903	100000:3.678862550e8
p3	poly100	wkb	100000	p3_l	2	1537.208	100000:3.678862550e8
p3	poly100	wkb	100000	p3_f	3	1454.401	100000:3.678862550e8
p3	poly100	wkb	100000	p3_n	3	1539.251	100000:3.678862550e8
p3	poly100	wkb	100000	p3_l	3	1541.801	100000:3.678862550e8
p3	poly100	wkb	100000	p3_w	3	1472.679	100000:3.678862550e8
p3	poly100	wkb	100000	p3_n	4	1537.031	100000:3.678862550e8
p3	poly100	wkb	100000	p3_l	4	1538.723	100000:3.678862550e8
p3	poly100	wkb	100000	p3_w	4	1471.110	100000:3.678862550e8
p3	poly100	wkb	100000	p3_f	4	1449.639	100000:3.678862550e8
p3	poly100	wkb	100000	p3_l	5	1538.484	100000:3.678862550e8
p3	poly100	wkb	100000	p3_w	5	1472.118	100000:3.678862550e8
p3	poly100	wkb	100000	p3_f	5	1448.668	100000:3.678862550e8
p3	poly100	wkb	100000	p3_n	5	1541.111	100000:3.678862550e8
p3	poly100	wkb	100000	p3_w	6	1467.512	100000:3.678862550e8
p3	poly100	wkb	100000	p3_f	6	1449.286	100000:3.678862550e8
p3	poly100	wkb	100000	p3_n	6	1549.149	100000:3.678862550e8
p3	poly100	wkb	100000	p3_l	6	1545.394	100000:3.678862550e8
p3	poly100	wkb	100000	p3_f	7	1470.885	100000:3.678862550e8
p3	poly100	wkb	100000	p3_n	7	1550.545	100000:3.678862550e8
p3	poly100	wkb	100000	p3_l	7	1554.082	100000:3.678862550e8
p3	poly100	wkb	100000	p3_w	7	1477.678	100000:3.678862550e8
p3	poly1000	sep	10000	p3_l	1	1540.997	10000:3.637268950e8
p3	poly1000	sep	10000	p3_w	1	1459.638	10000:3.637268950e8
p3	poly1000	sep	10000	p3_f	1	1444.343	10000:3.637268950e8
p3	poly1000	sep	10000	p3_n	1	1536.578	10000:3.637268950e8
p3	poly1000	sep	10000	p3_w	2	1464.411	10000:3.637268950e8
p3	poly1000	sep	10000	p3_f	2	1456.322	10000:3.637268950e8
p3	poly1000	sep	10000	p3_n	2	1532.678	10000:3.637268950e8
p3	poly1000	sep	10000	p3_l	2	1535.467	10000:3.637268950e8
p3	poly1000	sep	10000	p3_f	3	1447.773	10000:3.637268950e8
p3	poly1000	sep	10000	p3_n	3	1535.194	10000:3.637268950e8
p3	poly1000	sep	10000	p3_l	3	1538.671	10000:3.637268950e8
p3	poly1000	sep	10000	p3_w	3	1461.957	10000:3.637268950e8
p3	poly1000	sep	10000	p3_n	4	1532.357	10000:3.637268950e8
p3	poly1000	sep	10000	p3_l	4	1531.484	10000:3.637268950e8
p3	poly1000	sep	10000	p3_w	4	1461.315	10000:3.637268950e8
p3	poly1000	sep	10000	p3_f	4	1448.625	10000:3.637268950e8
p3	poly1000	sep	10000	p3_l	5	1532.110	10000:3.637268950e8
p3	poly1000	sep	10000	p3_w	5	1454.535	10000:3.637268950e8
p3	poly1000	sep	10000	p3_f	5	1442.581	10000:3.637268950e8
p3	poly1000	sep	10000	p3_n	5	1545.471	10000:3.637268950e8
p3	poly1000	sep	10000	p3_w	6	1459.768	10000:3.637268950e8
p3	poly1000	sep	10000	p3_f	6	1451.279	10000:3.637268950e8
p3	poly1000	sep	10000	p3_n	6	1534.389	10000:3.637268950e8
p3	poly1000	sep	10000	p3_l	6	1531.145	10000:3.637268950e8
p3	poly1000	sep	10000	p3_f	7	1448.136	10000:3.637268950e8
p3	poly1000	sep	10000	p3_n	7	1538.877	10000:3.637268950e8
p3	poly1000	sep	10000	p3_l	7	1539.417	10000:3.637268950e8
p3	poly1000	sep	10000	p3_w	7	1465.068	10000:3.637268950e8
p3	poly1000	wkb	10000	p3_l	1	1414.488	10000:3.637268950e8
p3	poly1000	wkb	10000	p3_w	1	1400.830	10000:3.637268950e8
p3	poly1000	wkb	10000	p3_f	1	1358.338	10000:3.637268950e8
p3	poly1000	wkb	10000	p3_n	1	1416.642	10000:3.637268950e8
p3	poly1000	wkb	10000	p3_w	2	1383.480	10000:3.637268950e8
p3	poly1000	wkb	10000	p3_f	2	1345.067	10000:3.637268950e8
p3	poly1000	wkb	10000	p3_n	2	1416.745	10000:3.637268950e8
p3	poly1000	wkb	10000	p3_l	2	1418.466	10000:3.637268950e8
p3	poly1000	wkb	10000	p3_f	3	1355.470	10000:3.637268950e8
p3	poly1000	wkb	10000	p3_n	3	1421.503	10000:3.637268950e8
p3	poly1000	wkb	10000	p3_l	3	1441.016	10000:3.637268950e8
p3	poly1000	wkb	10000	p3_w	3	1376.642	10000:3.637268950e8
p3	poly1000	wkb	10000	p3_n	4	1413.902	10000:3.637268950e8
p3	poly1000	wkb	10000	p3_l	4	1440.446	10000:3.637268950e8
p3	poly1000	wkb	10000	p3_w	4	1372.896	10000:3.637268950e8
p3	poly1000	wkb	10000	p3_f	4	1355.259	10000:3.637268950e8
p3	poly1000	wkb	10000	p3_l	5	1415.120	10000:3.637268950e8
p3	poly1000	wkb	10000	p3_w	5	1375.440	10000:3.637268950e8
p3	poly1000	wkb	10000	p3_f	5	1380.969	10000:3.637268950e8
p3	poly1000	wkb	10000	p3_n	5	1425.919	10000:3.637268950e8
p3	poly1000	wkb	10000	p3_w	6	1393.837	10000:3.637268950e8
p3	poly1000	wkb	10000	p3_f	6	1382.244	10000:3.637268950e8
p3	poly1000	wkb	10000	p3_n	6	1435.905	10000:3.637268950e8
p3	poly1000	wkb	10000	p3_l	6	1417.360	10000:3.637268950e8
p3	poly1000	wkb	10000	p3_f	7	1378.502	10000:3.637268950e8
p3	poly1000	wkb	10000	p3_n	7	1437.079	10000:3.637268950e8
p3	poly1000	wkb	10000	p3_l	7	1418.343	10000:3.637268950e8
p3	poly1000	wkb	10000	p3_w	7	1360.835	10000:3.637268950e8
p4	points	sep	100000	p4_l	1	757.236	100000:2.489400000e4
p4	points	sep	100000	p4_w	1	681.395	100000:2.489400000e4
p4	points	sep	100000	p4_f	1	685.489	100000:2.489400000e4
p4	points	sep	100000	p4_n	1	768.656	100000:2.489400000e4
p4	points	sep	100000	p4_w	2	697.163	100000:2.489400000e4
p4	points	sep	100000	p4_f	2	732.850	100000:2.489400000e4
p4	points	sep	100000	p4_n	2	765.024	100000:2.489400000e4
p4	points	sep	100000	p4_l	2	768.113	100000:2.489400000e4
p4	points	sep	100000	p4_f	3	679.365	100000:2.489400000e4
p4	points	sep	100000	p4_n	3	770.973	100000:2.489400000e4
p4	points	sep	100000	p4_l	3	763.305	100000:2.489400000e4
p4	points	sep	100000	p4_w	3	698.676	100000:2.489400000e4
p4	points	sep	100000	p4_n	4	790.203	100000:2.489400000e4
p4	points	sep	100000	p4_l	4	772.587	100000:2.489400000e4
p4	points	sep	100000	p4_w	4	703.072	100000:2.489400000e4
p4	points	sep	100000	p4_f	4	705.728	100000:2.489400000e4
p4	points	sep	100000	p4_l	5	745.966	100000:2.489400000e4
p4	points	sep	100000	p4_w	5	682.654	100000:2.489400000e4
p4	points	sep	100000	p4_f	5	687.607	100000:2.489400000e4
p4	points	sep	100000	p4_n	5	753.550	100000:2.489400000e4
p4	points	sep	100000	p4_w	6	693.162	100000:2.489400000e4
p4	points	sep	100000	p4_f	6	693.801	100000:2.489400000e4
p4	points	sep	100000	p4_n	6	777.539	100000:2.489400000e4
p4	points	sep	100000	p4_l	6	776.926	100000:2.489400000e4
p4	points	sep	100000	p4_f	7	683.053	100000:2.489400000e4
p4	points	sep	100000	p4_n	7	753.006	100000:2.489400000e4
p4	points	sep	100000	p4_l	7	752.347	100000:2.489400000e4
p4	points	sep	100000	p4_w	7	685.055	100000:2.489400000e4
p4	points	wkb	100000	p4_l	1	767.883	100000:2.489400000e4
p4	points	wkb	100000	p4_w	1	685.454	100000:2.489400000e4
p4	points	wkb	100000	p4_f	1	682.670	100000:2.489400000e4
p4	points	wkb	100000	p4_n	1	781.341	100000:2.489400000e4
p4	points	wkb	100000	p4_w	2	689.044	100000:2.489400000e4
p4	points	wkb	100000	p4_f	2	694.461	100000:2.489400000e4
p4	points	wkb	100000	p4_n	2	769.480	100000:2.489400000e4
p4	points	wkb	100000	p4_l	2	779.489	100000:2.489400000e4
p4	points	wkb	100000	p4_f	3	707.290	100000:2.489400000e4
p4	points	wkb	100000	p4_n	3	797.808	100000:2.489400000e4
p4	points	wkb	100000	p4_l	3	769.785	100000:2.489400000e4
p4	points	wkb	100000	p4_w	3	716.087	100000:2.489400000e4
p4	points	wkb	100000	p4_n	4	780.899	100000:2.489400000e4
p4	points	wkb	100000	p4_l	4	783.401	100000:2.489400000e4
p4	points	wkb	100000	p4_w	4	686.746	100000:2.489400000e4
p4	points	wkb	100000	p4_f	4	682.172	100000:2.489400000e4
p4	points	wkb	100000	p4_l	5	751.500	100000:2.489400000e4
p4	points	wkb	100000	p4_w	5	693.393	100000:2.489400000e4
p4	points	wkb	100000	p4_f	5	703.832	100000:2.489400000e4
p4	points	wkb	100000	p4_n	5	768.582	100000:2.489400000e4
p4	points	wkb	100000	p4_w	6	685.262	100000:2.489400000e4
p4	points	wkb	100000	p4_f	6	705.648	100000:2.489400000e4
p4	points	wkb	100000	p4_n	6	764.302	100000:2.489400000e4
p4	points	wkb	100000	p4_l	6	753.978	100000:2.489400000e4
p4	points	wkb	100000	p4_f	7	695.932	100000:2.489400000e4
p4	points	wkb	100000	p4_n	7	765.248	100000:2.489400000e4
p4	points	wkb	100000	p4_l	7	762.155	100000:2.489400000e4
p4	points	wkb	100000	p4_w	7	685.549	100000:2.489400000e4
p4	poly10	sep	10000	p4_l	1	115.696	10000:2.441000000e3
p4	poly10	sep	10000	p4_w	1	113.328	10000:2.441000000e3
p4	poly10	sep	10000	p4_f	1	113.134	10000:2.441000000e3
p4	poly10	sep	10000	p4_n	1	115.717	10000:2.441000000e3
p4	poly10	sep	10000	p4_w	2	108.830	10000:2.441000000e3
p4	poly10	sep	10000	p4_f	2	125.460	10000:2.441000000e3
p4	poly10	sep	10000	p4_n	2	120.120	10000:2.441000000e3
p4	poly10	sep	10000	p4_l	2	116.698	10000:2.441000000e3
p4	poly10	sep	10000	p4_f	3	108.788	10000:2.441000000e3
p4	poly10	sep	10000	p4_n	3	115.124	10000:2.441000000e3
p4	poly10	sep	10000	p4_l	3	121.490	10000:2.441000000e3
p4	poly10	sep	10000	p4_w	3	116.527	10000:2.441000000e3
p4	poly10	sep	10000	p4_n	4	116.060	10000:2.441000000e3
p4	poly10	sep	10000	p4_l	4	115.150	10000:2.441000000e3
p4	poly10	sep	10000	p4_w	4	112.469	10000:2.441000000e3
p4	poly10	sep	10000	p4_f	4	112.513	10000:2.441000000e3
p4	poly10	sep	10000	p4_l	5	114.740	10000:2.441000000e3
p4	poly10	sep	10000	p4_w	5	109.499	10000:2.441000000e3
p4	poly10	sep	10000	p4_f	5	109.266	10000:2.441000000e3
p4	poly10	sep	10000	p4_n	5	115.824	10000:2.441000000e3
p4	poly10	sep	10000	p4_w	6	109.602	10000:2.441000000e3
p4	poly10	sep	10000	p4_f	6	109.205	10000:2.441000000e3
p4	poly10	sep	10000	p4_n	6	115.325	10000:2.441000000e3
p4	poly10	sep	10000	p4_l	6	116.101	10000:2.441000000e3
p4	poly10	sep	10000	p4_f	7	110.751	10000:2.441000000e3
p4	poly10	sep	10000	p4_n	7	117.635	10000:2.441000000e3
p4	poly10	sep	10000	p4_l	7	121.292	10000:2.441000000e3
p4	poly10	sep	10000	p4_w	7	115.311	10000:2.441000000e3
p4	poly10	wkb	10000	p4_l	1	118.783	10000:2.441000000e3
p4	poly10	wkb	10000	p4_w	1	111.963	10000:2.441000000e3
p4	poly10	wkb	10000	p4_f	1	110.412	10000:2.441000000e3
p4	poly10	wkb	10000	p4_n	1	113.758	10000:2.441000000e3
p4	poly10	wkb	10000	p4_w	2	109.390	10000:2.441000000e3
p4	poly10	wkb	10000	p4_f	2	107.920	10000:2.441000000e3
p4	poly10	wkb	10000	p4_n	2	113.029	10000:2.441000000e3
p4	poly10	wkb	10000	p4_l	2	118.213	10000:2.441000000e3
p4	poly10	wkb	10000	p4_f	3	110.939	10000:2.441000000e3
p4	poly10	wkb	10000	p4_n	3	114.293	10000:2.441000000e3
p4	poly10	wkb	10000	p4_l	3	116.380	10000:2.441000000e3
p4	poly10	wkb	10000	p4_w	3	109.888	10000:2.441000000e3
p4	poly10	wkb	10000	p4_n	4	113.289	10000:2.441000000e3
p4	poly10	wkb	10000	p4_l	4	113.787	10000:2.441000000e3
p4	poly10	wkb	10000	p4_w	4	107.050	10000:2.441000000e3
p4	poly10	wkb	10000	p4_f	4	107.422	10000:2.441000000e3
p4	poly10	wkb	10000	p4_l	5	113.506	10000:2.441000000e3
p4	poly10	wkb	10000	p4_w	5	107.086	10000:2.441000000e3
p4	poly10	wkb	10000	p4_f	5	109.755	10000:2.441000000e3
p4	poly10	wkb	10000	p4_n	5	117.661	10000:2.441000000e3
p4	poly10	wkb	10000	p4_w	6	111.329	10000:2.441000000e3
p4	poly10	wkb	10000	p4_f	6	107.740	10000:2.441000000e3
p4	poly10	wkb	10000	p4_n	6	113.984	10000:2.441000000e3
p4	poly10	wkb	10000	p4_l	6	113.482	10000:2.441000000e3
p4	poly10	wkb	10000	p4_f	7	107.265	10000:2.441000000e3
p4	poly10	wkb	10000	p4_n	7	118.134	10000:2.441000000e3
p4	poly10	wkb	10000	p4_l	7	116.078	10000:2.441000000e3
p4	poly10	wkb	10000	p4_w	7	112.472	10000:2.441000000e3
p4	poly100	sep	2000	p4_l	1	545.251	2000:5.100000000e2
p4	poly100	sep	2000	p4_w	1	534.661	2000:5.100000000e2
p4	poly100	sep	2000	p4_f	1	530.357	2000:5.100000000e2
p4	poly100	sep	2000	p4_n	1	544.406	2000:5.100000000e2
p4	poly100	sep	2000	p4_w	2	535.042	2000:5.100000000e2
p4	poly100	sep	2000	p4_f	2	520.497	2000:5.100000000e2
p4	poly100	sep	2000	p4_n	2	541.329	2000:5.100000000e2
p4	poly100	sep	2000	p4_l	2	540.129	2000:5.100000000e2
p4	poly100	sep	2000	p4_f	3	526.892	2000:5.100000000e2
p4	poly100	sep	2000	p4_n	3	536.240	2000:5.100000000e2
p4	poly100	sep	2000	p4_l	3	542.934	2000:5.100000000e2
p4	poly100	sep	2000	p4_w	3	526.679	2000:5.100000000e2
p4	poly100	sep	2000	p4_n	4	546.099	2000:5.100000000e2
p4	poly100	sep	2000	p4_l	4	545.458	2000:5.100000000e2
p4	poly100	sep	2000	p4_w	4	540.773	2000:5.100000000e2
p4	poly100	sep	2000	p4_f	4	538.447	2000:5.100000000e2
p4	poly100	sep	2000	p4_l	5	533.095	2000:5.100000000e2
p4	poly100	sep	2000	p4_w	5	537.937	2000:5.100000000e2
p4	poly100	sep	2000	p4_f	5	528.052	2000:5.100000000e2
p4	poly100	sep	2000	p4_n	5	528.715	2000:5.100000000e2
p4	poly100	sep	2000	p4_w	6	516.424	2000:5.100000000e2
p4	poly100	sep	2000	p4_f	6	522.886	2000:5.100000000e2
p4	poly100	sep	2000	p4_n	6	528.575	2000:5.100000000e2
p4	poly100	sep	2000	p4_l	6	533.779	2000:5.100000000e2
p4	poly100	sep	2000	p4_f	7	515.555	2000:5.100000000e2
p4	poly100	sep	2000	p4_n	7	529.750	2000:5.100000000e2
p4	poly100	sep	2000	p4_l	7	528.654	2000:5.100000000e2
p4	poly100	sep	2000	p4_w	7	519.276	2000:5.100000000e2
p4	poly100	wkb	2000	p4_l	1	522.336	2000:5.100000000e2
p4	poly100	wkb	2000	p4_w	1	517.692	2000:5.100000000e2
p4	poly100	wkb	2000	p4_f	1	514.342	2000:5.100000000e2
p4	poly100	wkb	2000	p4_n	1	522.545	2000:5.100000000e2
p4	poly100	wkb	2000	p4_w	2	518.902	2000:5.100000000e2
p4	poly100	wkb	2000	p4_f	2	514.561	2000:5.100000000e2
p4	poly100	wkb	2000	p4_n	2	545.517	2000:5.100000000e2
p4	poly100	wkb	2000	p4_l	2	539.368	2000:5.100000000e2
p4	poly100	wkb	2000	p4_f	3	537.475	2000:5.100000000e2
p4	poly100	wkb	2000	p4_n	3	544.471	2000:5.100000000e2
p4	poly100	wkb	2000	p4_l	3	541.407	2000:5.100000000e2
p4	poly100	wkb	2000	p4_w	3	539.220	2000:5.100000000e2
p4	poly100	wkb	2000	p4_n	4	547.834	2000:5.100000000e2
p4	poly100	wkb	2000	p4_l	4	544.904	2000:5.100000000e2
p4	poly100	wkb	2000	p4_w	4	532.378	2000:5.100000000e2
p4	poly100	wkb	2000	p4_f	4	536.368	2000:5.100000000e2
p4	poly100	wkb	2000	p4_l	5	541.522	2000:5.100000000e2
p4	poly100	wkb	2000	p4_w	5	539.400	2000:5.100000000e2
p4	poly100	wkb	2000	p4_f	5	533.327	2000:5.100000000e2
p4	poly100	wkb	2000	p4_n	5	541.675	2000:5.100000000e2
p4	poly100	wkb	2000	p4_w	6	517.144	2000:5.100000000e2
p4	poly100	wkb	2000	p4_f	6	517.724	2000:5.100000000e2
p4	poly100	wkb	2000	p4_n	6	523.719	2000:5.100000000e2
p4	poly100	wkb	2000	p4_l	6	525.987	2000:5.100000000e2
p4	poly100	wkb	2000	p4_f	7	520.702	2000:5.100000000e2
p4	poly100	wkb	2000	p4_n	7	524.899	2000:5.100000000e2
p4	poly100	wkb	2000	p4_l	7	525.227	2000:5.100000000e2
p4	poly100	wkb	2000	p4_w	7	516.771	2000:5.100000000e2
p4	poly1000	sep	200	p4_l	1	5671.331	200:4.800000000e1
p4	poly1000	sep	200	p4_w	1	5565.940	200:4.800000000e1
p4	poly1000	sep	200	p4_f	1	5832.989	200:4.800000000e1
p4	poly1000	sep	200	p4_n	1	5771.994	200:4.800000000e1
p4	poly1000	sep	200	p4_w	2	5703.908	200:4.800000000e1
p4	poly1000	sep	200	p4_f	2	5678.388	200:4.800000000e1
p4	poly1000	sep	200	p4_n	2	5502.247	200:4.800000000e1
p4	poly1000	sep	200	p4_l	2	5466.841	200:4.800000000e1
p4	poly1000	sep	200	p4_f	3	5533.627	200:4.800000000e1
p4	poly1000	sep	200	p4_n	3	5492.189	200:4.800000000e1
p4	poly1000	sep	200	p4_l	3	5494.138	200:4.800000000e1
p4	poly1000	sep	200	p4_w	3	5668.848	200:4.800000000e1
p4	poly1000	sep	200	p4_n	4	5624.718	200:4.800000000e1
p4	poly1000	sep	200	p4_l	4	5680.712	200:4.800000000e1
p4	poly1000	sep	200	p4_w	4	5552.155	200:4.800000000e1
p4	poly1000	sep	200	p4_f	4	5730.161	200:4.800000000e1
p4	poly1000	sep	200	p4_l	5	5663.937	200:4.800000000e1
p4	poly1000	sep	200	p4_w	5	5544.544	200:4.800000000e1
p4	poly1000	sep	200	p4_f	5	5519.789	200:4.800000000e1
p4	poly1000	sep	200	p4_n	5	5523.005	200:4.800000000e1
p4	poly1000	sep	200	p4_w	6	5521.157	200:4.800000000e1
p4	poly1000	sep	200	p4_f	6	5531.782	200:4.800000000e1
p4	poly1000	sep	200	p4_n	6	5668.004	200:4.800000000e1
p4	poly1000	sep	200	p4_l	6	5790.185	200:4.800000000e1
p4	poly1000	sep	200	p4_f	7	5687.583	200:4.800000000e1
p4	poly1000	sep	200	p4_n	7	5530.172	200:4.800000000e1
p4	poly1000	sep	200	p4_l	7	5529.500	200:4.800000000e1
p4	poly1000	sep	200	p4_w	7	5521.876	200:4.800000000e1
p4	poly1000	wkb	200	p4_l	1	5606.655	200:4.800000000e1
p4	poly1000	wkb	200	p4_w	1	5572.651	200:4.800000000e1
p4	poly1000	wkb	200	p4_f	1	5529.526	200:4.800000000e1
p4	poly1000	wkb	200	p4_n	1	5441.869	200:4.800000000e1
p4	poly1000	wkb	200	p4_w	2	5604.554	200:4.800000000e1
p4	poly1000	wkb	200	p4_f	2	5593.040	200:4.800000000e1
p4	poly1000	wkb	200	p4_n	2	5691.578	200:4.800000000e1
p4	poly1000	wkb	200	p4_l	2	5839.718	200:4.800000000e1
p4	poly1000	wkb	200	p4_f	3	5677.541	200:4.800000000e1
p4	poly1000	wkb	200	p4_n	3	5550.451	200:4.800000000e1
p4	poly1000	wkb	200	p4_l	3	5751.833	200:4.800000000e1
p4	poly1000	wkb	200	p4_w	3	5842.976	200:4.800000000e1
p4	poly1000	wkb	200	p4_n	4	5926.045	200:4.800000000e1
p4	poly1000	wkb	200	p4_l	4	5499.267	200:4.800000000e1
p4	poly1000	wkb	200	p4_w	4	5334.768	200:4.800000000e1
p4	poly1000	wkb	200	p4_f	4	5377.701	200:4.800000000e1
p4	poly1000	wkb	200	p4_l	5	5357.559	200:4.800000000e1
p4	poly1000	wkb	200	p4_w	5	5354.518	200:4.800000000e1
p4	poly1000	wkb	200	p4_f	5	5450.149	200:4.800000000e1
p4	poly1000	wkb	200	p4_n	5	5452.585	200:4.800000000e1
p4	poly1000	wkb	200	p4_w	6	5394.721	200:4.800000000e1
p4	poly1000	wkb	200	p4_f	6	5381.755	200:4.800000000e1
p4	poly1000	wkb	200	p4_n	6	5417.920	200:4.800000000e1
p4	poly1000	wkb	200	p4_l	6	5587.235	200:4.800000000e1
p4	poly1000	wkb	200	p4_f	7	5633.374	200:4.800000000e1
p4	poly1000	wkb	200	p4_n	7	5609.624	200:4.800000000e1
p4	poly1000	wkb	200	p4_l	7	5610.491	200:4.800000000e1
p4	poly1000	wkb	200	p4_w	7	5351.261	200:4.800000000e1
p5	points	sep	1000000	p5_l	1	227.138	1000000:5.013925732e8
p5	points	sep	1000000	p5_w	1	161.260	1000000:5.013925732e8
p5	points	sep	1000000	p5_f	1	148.505	1000000:5.013925732e8
p5	points	sep	1000000	p5_n	1	234.407	1000000:5.013925732e8
p5	points	sep	1000000	p5_w	2	161.329	1000000:5.013925732e8
p5	points	sep	1000000	p5_f	2	148.619	1000000:5.013925732e8
p5	points	sep	1000000	p5_n	2	233.415	1000000:5.013925732e8
p5	points	sep	1000000	p5_l	2	226.825	1000000:5.013925732e8
p5	points	sep	1000000	p5_f	3	148.109	1000000:5.013925732e8
p5	points	sep	1000000	p5_n	3	234.199	1000000:5.013925732e8
p5	points	sep	1000000	p5_l	3	225.717	1000000:5.013925732e8
p5	points	sep	1000000	p5_w	3	161.201	1000000:5.013925732e8
p5	points	sep	1000000	p5_n	4	233.227	1000000:5.013925732e8
p5	points	sep	1000000	p5_l	4	226.138	1000000:5.013925732e8
p5	points	sep	1000000	p5_w	4	161.400	1000000:5.013925732e8
p5	points	sep	1000000	p5_f	4	148.657	1000000:5.013925732e8
p5	points	sep	1000000	p5_l	5	226.143	1000000:5.013925732e8
p5	points	sep	1000000	p5_w	5	160.679	1000000:5.013925732e8
p5	points	sep	1000000	p5_f	5	148.007	1000000:5.013925732e8
p5	points	sep	1000000	p5_n	5	236.169	1000000:5.013925732e8
p5	points	sep	1000000	p5_w	6	160.685	1000000:5.013925732e8
p5	points	sep	1000000	p5_f	6	150.432	1000000:5.013925732e8
p5	points	sep	1000000	p5_n	6	235.594	1000000:5.013925732e8
p5	points	sep	1000000	p5_l	6	226.652	1000000:5.013925732e8
p5	points	sep	1000000	p5_f	7	148.470	1000000:5.013925732e8
p5	points	sep	1000000	p5_n	7	233.367	1000000:5.013925732e8
p5	points	sep	1000000	p5_l	7	226.246	1000000:5.013925732e8
p5	points	sep	1000000	p5_w	7	160.807	1000000:5.013925732e8
p5	points	wkb	1000000	p5_l	1	253.099	1000000:5.013925732e8
p5	points	wkb	1000000	p5_w	1	182.769	1000000:5.013925732e8
p5	points	wkb	1000000	p5_f	1	166.410	1000000:5.013925732e8
p5	points	wkb	1000000	p5_n	1	260.831	1000000:5.013925732e8
p5	points	wkb	1000000	p5_w	2	180.862	1000000:5.013925732e8
p5	points	wkb	1000000	p5_f	2	164.581	1000000:5.013925732e8
p5	points	wkb	1000000	p5_n	2	260.705	1000000:5.013925732e8
p5	points	wkb	1000000	p5_l	2	251.495	1000000:5.013925732e8
p5	points	wkb	1000000	p5_f	3	164.431	1000000:5.013925732e8
p5	points	wkb	1000000	p5_n	3	259.122	1000000:5.013925732e8
p5	points	wkb	1000000	p5_l	3	251.717	1000000:5.013925732e8
p5	points	wkb	1000000	p5_w	3	180.712	1000000:5.013925732e8
p5	points	wkb	1000000	p5_n	4	261.172	1000000:5.013925732e8
p5	points	wkb	1000000	p5_l	4	252.443	1000000:5.013925732e8
p5	points	wkb	1000000	p5_w	4	180.761	1000000:5.013925732e8
p5	points	wkb	1000000	p5_f	4	164.528	1000000:5.013925732e8
p5	points	wkb	1000000	p5_l	5	251.761	1000000:5.013925732e8
p5	points	wkb	1000000	p5_w	5	180.817	1000000:5.013925732e8
p5	points	wkb	1000000	p5_f	5	165.601	1000000:5.013925732e8
p5	points	wkb	1000000	p5_n	5	260.258	1000000:5.013925732e8
p5	points	wkb	1000000	p5_w	6	180.749	1000000:5.013925732e8
p5	points	wkb	1000000	p5_f	6	164.007	1000000:5.013925732e8
p5	points	wkb	1000000	p5_n	6	260.706	1000000:5.013925732e8
p5	points	wkb	1000000	p5_l	6	252.350	1000000:5.013925732e8
p5	points	wkb	1000000	p5_f	7	165.975	1000000:5.013925732e8
p5	points	wkb	1000000	p5_n	7	261.745	1000000:5.013925732e8
p5	points	wkb	1000000	p5_l	7	252.026	1000000:5.013925732e8
p5	points	wkb	1000000	p5_w	7	180.714	1000000:5.013925732e8
p5	poly10	sep	100000	p5_l	1	150.242	100000:5.011898597e7
p5	poly10	sep	100000	p5_w	1	127.451	100000:5.011898597e7
p5	poly10	sep	100000	p5_f	1	122.571	100000:5.011898597e7
p5	poly10	sep	100000	p5_n	1	152.513	100000:5.011898597e7
p5	poly10	sep	100000	p5_w	2	127.318	100000:5.011898597e7
p5	poly10	sep	100000	p5_f	2	123.902	100000:5.011898597e7
p5	poly10	sep	100000	p5_n	2	153.380	100000:5.011898597e7
p5	poly10	sep	100000	p5_l	2	149.901	100000:5.011898597e7
p5	poly10	sep	100000	p5_f	3	125.512	100000:5.011898597e7
p5	poly10	sep	100000	p5_n	3	155.631	100000:5.011898597e7
p5	poly10	sep	100000	p5_l	3	150.824	100000:5.011898597e7
p5	poly10	sep	100000	p5_w	3	127.731	100000:5.011898597e7
p5	poly10	sep	100000	p5_n	4	153.804	100000:5.011898597e7
p5	poly10	sep	100000	p5_l	4	159.574	100000:5.011898597e7
p5	poly10	sep	100000	p5_w	4	126.977	100000:5.011898597e7
p5	poly10	sep	100000	p5_f	4	121.990	100000:5.011898597e7
p5	poly10	sep	100000	p5_l	5	154.422	100000:5.011898597e7
p5	poly10	sep	100000	p5_w	5	125.935	100000:5.011898597e7
p5	poly10	sep	100000	p5_f	5	121.077	100000:5.011898597e7
p5	poly10	sep	100000	p5_n	5	159.291	100000:5.011898597e7
p5	poly10	sep	100000	p5_w	6	125.219	100000:5.011898597e7
p5	poly10	sep	100000	p5_f	6	122.585	100000:5.011898597e7
p5	poly10	sep	100000	p5_n	6	157.386	100000:5.011898597e7
p5	poly10	sep	100000	p5_l	6	150.897	100000:5.011898597e7
p5	poly10	sep	100000	p5_f	7	123.698	100000:5.011898597e7
p5	poly10	sep	100000	p5_n	7	155.589	100000:5.011898597e7
p5	poly10	sep	100000	p5_l	7	151.207	100000:5.011898597e7
p5	poly10	sep	100000	p5_w	7	130.769	100000:5.011898597e7
p5	poly10	wkb	100000	p5_l	1	147.432	100000:5.011898597e7
p5	poly10	wkb	100000	p5_w	1	123.297	100000:5.011898597e7
p5	poly10	wkb	100000	p5_f	1	117.183	100000:5.011898597e7
p5	poly10	wkb	100000	p5_n	1	148.373	100000:5.011898597e7
p5	poly10	wkb	100000	p5_w	2	122.864	100000:5.011898597e7
p5	poly10	wkb	100000	p5_f	2	122.903	100000:5.011898597e7
p5	poly10	wkb	100000	p5_n	2	153.679	100000:5.011898597e7
p5	poly10	wkb	100000	p5_l	2	150.567	100000:5.011898597e7
p5	poly10	wkb	100000	p5_f	3	118.020	100000:5.011898597e7
p5	poly10	wkb	100000	p5_n	3	149.372	100000:5.011898597e7
p5	poly10	wkb	100000	p5_l	3	147.192	100000:5.011898597e7
p5	poly10	wkb	100000	p5_w	3	121.767	100000:5.011898597e7
p5	poly10	wkb	100000	p5_n	4	151.480	100000:5.011898597e7
p5	poly10	wkb	100000	p5_l	4	147.288	100000:5.011898597e7
p5	poly10	wkb	100000	p5_w	4	122.269	100000:5.011898597e7
p5	poly10	wkb	100000	p5_f	4	117.825	100000:5.011898597e7
p5	poly10	wkb	100000	p5_l	5	149.362	100000:5.011898597e7
p5	poly10	wkb	100000	p5_w	5	122.985	100000:5.011898597e7
p5	poly10	wkb	100000	p5_f	5	118.584	100000:5.011898597e7
p5	poly10	wkb	100000	p5_n	5	149.335	100000:5.011898597e7
p5	poly10	wkb	100000	p5_w	6	123.439	100000:5.011898597e7
p5	poly10	wkb	100000	p5_f	6	120.109	100000:5.011898597e7
p5	poly10	wkb	100000	p5_n	6	149.416	100000:5.011898597e7
p5	poly10	wkb	100000	p5_l	6	150.495	100000:5.011898597e7
p5	poly10	wkb	100000	p5_f	7	116.862	100000:5.011898597e7
p5	poly10	wkb	100000	p5_n	7	149.629	100000:5.011898597e7
p5	poly10	wkb	100000	p5_l	7	148.411	100000:5.011898597e7
p5	poly10	wkb	100000	p5_w	7	124.299	100000:5.011898597e7
p5	poly100	sep	100000	p5_l	1	1123.047	100000:4.997096568e7
p5	poly100	sep	100000	p5_w	1	1019.391	100000:4.997096568e7
p5	poly100	sep	100000	p5_f	1	981.508	100000:4.997096568e7
p5	poly100	sep	100000	p5_n	1	1124.453	100000:4.997096568e7
p5	poly100	sep	100000	p5_w	2	1027.854	100000:4.997096568e7
p5	poly100	sep	100000	p5_f	2	988.926	100000:4.997096568e7
p5	poly100	sep	100000	p5_n	2	1122.795	100000:4.997096568e7
p5	poly100	sep	100000	p5_l	2	1126.040	100000:4.997096568e7
p5	poly100	sep	100000	p5_f	3	994.643	100000:4.997096568e7
p5	poly100	sep	100000	p5_n	3	1122.344	100000:4.997096568e7
p5	poly100	sep	100000	p5_l	3	1121.114	100000:4.997096568e7
p5	poly100	sep	100000	p5_w	3	1019.409	100000:4.997096568e7
p5	poly100	sep	100000	p5_n	4	1125.382	100000:4.997096568e7
p5	poly100	sep	100000	p5_l	4	1122.024	100000:4.997096568e7
p5	poly100	sep	100000	p5_w	4	1016.182	100000:4.997096568e7
p5	poly100	sep	100000	p5_f	4	1004.485	100000:4.997096568e7
p5	poly100	sep	100000	p5_l	5	1163.642	100000:4.997096568e7
p5	poly100	sep	100000	p5_w	5	1030.890	100000:4.997096568e7
p5	poly100	sep	100000	p5_f	5	982.623	100000:4.997096568e7
p5	poly100	sep	100000	p5_n	5	1126.575	100000:4.997096568e7
p5	poly100	sep	100000	p5_w	6	1010.235	100000:4.997096568e7
p5	poly100	sep	100000	p5_f	6	985.055	100000:4.997096568e7
p5	poly100	sep	100000	p5_n	6	1123.101	100000:4.997096568e7
p5	poly100	sep	100000	p5_l	6	1118.415	100000:4.997096568e7
p5	poly100	sep	100000	p5_f	7	979.021	100000:4.997096568e7
p5	poly100	sep	100000	p5_n	7	1151.406	100000:4.997096568e7
p5	poly100	sep	100000	p5_l	7	1158.590	100000:4.997096568e7
p5	poly100	sep	100000	p5_w	7	1013.223	100000:4.997096568e7
p5	poly100	wkb	100000	p5_l	1	1062.595	100000:4.997096568e7
p5	poly100	wkb	100000	p5_w	1	964.544	100000:4.997096568e7
p5	poly100	wkb	100000	p5_f	1	934.662	100000:4.997096568e7
p5	poly100	wkb	100000	p5_n	1	1064.460	100000:4.997096568e7
p5	poly100	wkb	100000	p5_w	2	967.925	100000:4.997096568e7
p5	poly100	wkb	100000	p5_f	2	931.666	100000:4.997096568e7
p5	poly100	wkb	100000	p5_n	2	1061.701	100000:4.997096568e7
p5	poly100	wkb	100000	p5_l	2	1065.607	100000:4.997096568e7
p5	poly100	wkb	100000	p5_f	3	936.492	100000:4.997096568e7
p5	poly100	wkb	100000	p5_n	3	1061.912	100000:4.997096568e7
p5	poly100	wkb	100000	p5_l	3	1063.908	100000:4.997096568e7
p5	poly100	wkb	100000	p5_w	3	965.564	100000:4.997096568e7
p5	poly100	wkb	100000	p5_n	4	1064.666	100000:4.997096568e7
p5	poly100	wkb	100000	p5_l	4	1068.139	100000:4.997096568e7
p5	poly100	wkb	100000	p5_w	4	964.199	100000:4.997096568e7
p5	poly100	wkb	100000	p5_f	4	932.142	100000:4.997096568e7
p5	poly100	wkb	100000	p5_l	5	1066.044	100000:4.997096568e7
p5	poly100	wkb	100000	p5_w	5	958.939	100000:4.997096568e7
p5	poly100	wkb	100000	p5_f	5	951.203	100000:4.997096568e7
p5	poly100	wkb	100000	p5_n	5	1062.164	100000:4.997096568e7
p5	poly100	wkb	100000	p5_w	6	972.088	100000:4.997096568e7
p5	poly100	wkb	100000	p5_f	6	925.838	100000:4.997096568e7
p5	poly100	wkb	100000	p5_n	6	1066.254	100000:4.997096568e7
p5	poly100	wkb	100000	p5_l	6	1071.277	100000:4.997096568e7
p5	poly100	wkb	100000	p5_f	7	945.476	100000:4.997096568e7
p5	poly100	wkb	100000	p5_n	7	1061.731	100000:4.997096568e7
p5	poly100	wkb	100000	p5_l	7	1063.388	100000:4.997096568e7
p5	poly100	wkb	100000	p5_w	7	972.664	100000:4.997096568e7
p5	poly1000	sep	10000	p5_l	1	1261.752	10000:5.003718286e6
p5	poly1000	sep	10000	p5_w	1	1180.657	10000:5.003718286e6
p5	poly1000	sep	10000	p5_f	1	1164.430	10000:5.003718286e6
p5	poly1000	sep	10000	p5_n	1	1266.576	10000:5.003718286e6
p5	poly1000	sep	10000	p5_w	2	1179.419	10000:5.003718286e6
p5	poly1000	sep	10000	p5_f	2	1160.938	10000:5.003718286e6
p5	poly1000	sep	10000	p5_n	2	1262.961	10000:5.003718286e6
p5	poly1000	sep	10000	p5_l	2	1261.461	10000:5.003718286e6
p5	poly1000	sep	10000	p5_f	3	1171.367	10000:5.003718286e6
p5	poly1000	sep	10000	p5_n	3	1264.647	10000:5.003718286e6
p5	poly1000	sep	10000	p5_l	3	1269.739	10000:5.003718286e6
p5	poly1000	sep	10000	p5_w	3	1178.003	10000:5.003718286e6
p5	poly1000	sep	10000	p5_n	4	1259.071	10000:5.003718286e6
p5	poly1000	sep	10000	p5_l	4	1263.314	10000:5.003718286e6
p5	poly1000	sep	10000	p5_w	4	1173.156	10000:5.003718286e6
p5	poly1000	sep	10000	p5_f	4	1177.207	10000:5.003718286e6
p5	poly1000	sep	10000	p5_l	5	1255.673	10000:5.003718286e6
p5	poly1000	sep	10000	p5_w	5	1181.634	10000:5.003718286e6
p5	poly1000	sep	10000	p5_f	5	1156.900	10000:5.003718286e6
p5	poly1000	sep	10000	p5_n	5	1262.680	10000:5.003718286e6
p5	poly1000	sep	10000	p5_w	6	1180.452	10000:5.003718286e6
p5	poly1000	sep	10000	p5_f	6	1160.787	10000:5.003718286e6
p5	poly1000	sep	10000	p5_n	6	1291.328	10000:5.003718286e6
p5	poly1000	sep	10000	p5_l	6	1275.336	10000:5.003718286e6
p5	poly1000	sep	10000	p5_f	7	1184.009	10000:5.003718286e6
p5	poly1000	sep	10000	p5_n	7	1265.500	10000:5.003718286e6
p5	poly1000	sep	10000	p5_l	7	1300.959	10000:5.003718286e6
p5	poly1000	sep	10000	p5_w	7	1197.301	10000:5.003718286e6
p5	poly1000	wkb	10000	p5_l	1	1203.832	10000:5.003718286e6
p5	poly1000	wkb	10000	p5_w	1	1157.065	10000:5.003718286e6
p5	poly1000	wkb	10000	p5_f	1	1127.868	10000:5.003718286e6
p5	poly1000	wkb	10000	p5_n	1	1246.445	10000:5.003718286e6
p5	poly1000	wkb	10000	p5_w	2	1169.270	10000:5.003718286e6
p5	poly1000	wkb	10000	p5_f	2	1131.079	10000:5.003718286e6
p5	poly1000	wkb	10000	p5_n	2	1221.115	10000:5.003718286e6
p5	poly1000	wkb	10000	p5_l	2	1248.024	10000:5.003718286e6
p5	poly1000	wkb	10000	p5_f	3	1136.224	10000:5.003718286e6
p5	poly1000	wkb	10000	p5_n	3	1211.731	10000:5.003718286e6
p5	poly1000	wkb	10000	p5_l	3	1223.274	10000:5.003718286e6
p5	poly1000	wkb	10000	p5_w	3	1149.744	10000:5.003718286e6
p5	poly1000	wkb	10000	p5_n	4	1210.512	10000:5.003718286e6
p5	poly1000	wkb	10000	p5_l	4	1222.389	10000:5.003718286e6
p5	poly1000	wkb	10000	p5_w	4	1136.075	10000:5.003718286e6
p5	poly1000	wkb	10000	p5_f	4	1106.129	10000:5.003718286e6
p5	poly1000	wkb	10000	p5_l	5	1235.963	10000:5.003718286e6
p5	poly1000	wkb	10000	p5_w	5	1111.648	10000:5.003718286e6
p5	poly1000	wkb	10000	p5_f	5	1100.932	10000:5.003718286e6
p5	poly1000	wkb	10000	p5_n	5	1192.887	10000:5.003718286e6
p5	poly1000	wkb	10000	p5_w	6	1118.385	10000:5.003718286e6
p5	poly1000	wkb	10000	p5_f	6	1108.271	10000:5.003718286e6
p5	poly1000	wkb	10000	p5_n	6	1194.706	10000:5.003718286e6
p5	poly1000	wkb	10000	p5_l	6	1196.641	10000:5.003718286e6
p5	poly1000	wkb	10000	p5_f	7	1134.781	10000:5.003718286e6
p5	poly1000	wkb	10000	p5_n	7	1240.233	10000:5.003718286e6
p5	poly1000	wkb	10000	p5_l	7	1212.494	10000:5.003718286e6
p5	poly1000	wkb	10000	p5_w	7	1152.439	10000:5.003718286e6
