version	kind	source	construct	status	out_field	udf_sees	keeps	detail
DataFusion 55	union	column	control: projection	ok (2 rows, Union)	geoarrow.geometry {"crs":"EPSG:4326","crs_type":"authority_code"}	Union | geoarrow.geometry {"crs":"EPSG:4326","crs_type":"authority_code"}	yes	SELECT g AS x FROM t
DataFusion 55	union	column	CASE (two branches)	ok (2 rows, Union)	-	Union | -	NO	SELECT CASE WHEN id = 1 THEN g ELSE g END AS x FROM t
DataFusion 55	union	column	CASE (ELSE NULL)	ok (2 rows, Union)	-	Union | -	NO	SELECT CASE WHEN id = 1 THEN g END AS x FROM t
DataFusion 55	union	column	COALESCE(x, x)	ok (2 rows, Union)	-	Union | -	NO	SELECT COALESCE(g, g) AS x FROM t
DataFusion 55	union	column	COALESCE(x, NULL)	ok (2 rows, Union)	-	Union | -	NO	SELECT COALESCE(g, NULL) AS x FROM t
DataFusion 55	union	column	make_array + unnest	ok (4 rows, Union)	-	Union | -	NO	SELECT unnest(make_array(g, g)) AS x FROM t
DataFusion 55	union	column	make_array (element field)	ok (2 rows, List(Union))	-	List(Union) | -	NO	SELECT make_array(g, g) AS x FROM t
DataFusion 55	union	column	array_agg + unnest	ok (2 rows, Union)	-	Union | -	NO	SELECT unnest(array_agg(g)) AS x FROM t
DataFusion 55	union	column	array_agg (element field)	ok (1 rows, List(Union))	-	List(Union) | -	NO	SELECT array_agg(g) AS x FROM t
DataFusion 55	union	column	UNION ALL	ok (4 rows, Union)	geoarrow.geometry {"crs":"EPSG:4326","crs_type":"authority_code"}	Union | geoarrow.geometry {"crs":"EPSG:4326","crs_type":"authority_code"}	yes	SELECT g AS x FROM t UNION ALL SELECT g AS x FROM t
DataFusion 55	union	column	CAST to own storage type	ERROR			NO (error)	SELECT CAST(g AS Union(Dense, 1: ("Point": Struct("x": non-null Float64, "y": non-null Float64)), 2: ("LineString": List(non-null Struct("x": non-null Float64, "y": non-null Float64), field: 'vertices')), 3: ("Polygon": List(non-null List(non-null Struct("x": non-null Float64, "y": non-null Float64), field: 'vertices'), field: 'rings')), 4: ("MultiPoint": List(non-null Struct("x": non-null Float64, "y": non-null Float64), field: 'points')), 5: ("MultiLineString": List(non-null List(non-null Struct("x": non-null Float64, "y": non-null Float64), field: 'vertices'), field: 'linestrings')), 6: ("MultiPolygon": List(non-null List(non-null List(non-null Struct("x": non-null Float64, "y": non-null Float64), field: 'vertices'), field: 'rings'), field: 'polygons')), 7: ("GeometryCollection": List(non-null Union(Dense, 1: ("Point": Struct("x": non-null Float64, "y": non-null Float64)), 2: ("LineString": List(non-null Struct("x": non-null Float64, "y": non-null Float64), field: 'vertices')), 3: ("Polygon": List(non-null List(non-null Struct("x": non-null Float64, "y": non-null Float64), field: 'vertices'), field: 'rings')), 4: ("MultiPoint": List(non-null Struct("x": non-null Float64, "y": non-null Float64), field: 'points')), 5: ("MultiLineString": List(non-null List(non-null Struct("x": non-null Float64, "y": non-null Float64), field: 'vertices'), field: 'linestrings')), 6: ("MultiPolygon": List(non-null List(non-null List(non-null Struct("x": non-null Float64, "y": non-null Float64), field: 'vertices'), field: 'rings'), field: 'polygons'))), field: 'geometries')), 11: ("Point Z": Struct("x": non-null Float64, "y": non-null Float64, "z": non-null Float64)), 12: ("LineString Z": List(non-null Struct("x": non-null Float64, "y": non-null Float64, "z": non-null Float64), field: 'vertices')), 13: ("Polygon Z": List(non-null List(non-null Struct("x": non-null Float64, "y": non-null Float64, "z": non-null Float64), field: 'vertices'), field: 'rings')), 14: ("MultiPoint Z": List(non-null Struct("x": non-null Float64, "y": non-null Float64, "z": non-null Float64), field: 'points')), 15: ("MultiLineString Z": List(non-null List(non-null Struct("x": non-null Float64, "y": non-null Float64, "z": non-null Float64), field: 'vertices'), field: 'linestrings')), 16: ("MultiPolygon Z": List(non-null List(non-null List(non-null Struct("x": non-null Float64, "y": non-null Float64, "z": non-null Float64), field: 'vertices'), field: 'rings'), field: 'polygons')), 17: ("GeometryCollection Z": List(non-null Union(Dense, 11: ("Point Z": Struct("x": non-null Float64, "y": non-null Float64, "z": non-null Float64)), 12: ("LineString Z": List(non-null Struct("x": non-null Float64, "y": non-null Float64, "z": non-null Float64), field: 'vertices')), 13: ("Polygon Z": List(non-null List(non-null Struct("x": non-null Float64, "y": non-null Float64, "z": non-null Float64), field: 'vertices'), field: 'rings')), 14: ("MultiPoint Z": List(non-null Struct("x": non-null Float64, "y": non-null Float64, "z": non-null Float64), field: 'points')), 15: ("MultiLineString Z": List(non-null List(non-null Struct("x": non-null Float64, "y": non-null Float64, "z": non-null Float64), field: 'vertices'), field: 'linestrings')), 16: ("MultiPolygon Z": List(non-null List(non-null List(non-null Struct("x": non-null Float64, "y": non-null Float64, "z": non-null Float64), field: 'vertices'), field: 'rings'), field: 'polygons'))), field: 'geometries')), 21: ("Point M": Struct("x": non-null Float64, "y": non-null Float64, "m": non-null Float64)), 22: ("LineString M": List(non-null Struct("x": non-null Float64, "y": non-null Float64, "m": non-null Float64), field: 'vertices')), 23: ("Polygon M": List(non-null List(non-null Struct("x": non-null Float64, "y": non-null Float64, "m": non-null Float64), field: 'vertices'), field: 'rings')), 24: ("MultiPoint M": List(non-null Struct("x": non-null Float64, "y": non-null Float64, "m": non-null Float64), field: 'points')), 25: ("MultiLineString M": List(non-null List(non-null Struct("x": non-null Float64, "y": non-null Float64, "m": non-null Float64), field: 'vertices'), field: 'linestrings')), 26: ("MultiPolygon M": List(non-null List(non-null List(non-null Struct("x": non-null Float64, "y": non-null Float64, "m": non-null Float64), field: 'vertices'), field: 'rings'), field: 'polygons')), 27: ("GeometryCollection M": List(non-null Union(Dense, 21: ("Point M": Struct("x": non-null Float64, "y": non-null Float64, "m": non-null Float64)), 22: ("LineString M": List(non-null Struct("x": non-null Float64, "y": non-null Float64, "m": non-null Float64), field: 'vertices')), 23: ("Polygon M": List(non-null List(non-null Struct("x": non-null Float64, "y": non-null Float64, "m": non-null Float64), field: 'vertices'), field: 'rings')), 24: ("MultiPoint M": List(non-null Struct("x": non-null Float64, "y": non-null Float64, "m": non-null Float64), field: 'points')), 25: ("MultiLineString M": List(non-null List(non-null Struct("x": non-null Float64, "y": non-null Float64, "m": non-null Float64), field: 'vertices'), field: 'linestrings')), 26: ("MultiPolygon M": List(non-null List(non-null List(non-null Struct("x": non-null Float64, "y": non-null Float64, "m": non-null Float64), field: 'vertices'), field: 'rings'), field: 'polygons'))), field: 'geometries')), 31: ("Point ZM": Struct("x": non-null Float64, "y": non-null Float64, "z": non-null Float64, "m": non-null Float64)), 32: ("LineString ZM": List(non-null Struct("x": non-null Float64, "y": non-null Float64, "z": non-null Float64, "m": non-null Float64), field: 'vertices')), 33: ("Polygon ZM": List(non-null List(non-null Struct("x": non-null Float64, "y": non-null Float64, "z": non-null Float64, "m": non-null Float64), field: 'vertices'), field: 'rings')), 34: ("MultiPoint ZM": List(non-null Struct("x": non-null Float64, "y": non-null Float64, "z": non-null Float64, "m": non-null Float64), field: 'points')), 35: ("MultiLineString ZM": List(non-null List(non-null Struct("x": non-null Float64, "y": non-null Float64, "z": non-null Float64, "m": non-null Float64), field: 'vertices'), field: 'linestrings')), 36: ("MultiPolygon ZM": List(non-null List(non-null List(non-null Struct("x": non-null Float64, "y": non-null Float64, "z": non-null Float64, "m": non-null Float64), field: 'vertices'), field: 'rings'), field: 'polygons')), 37: ("GeometryCollection ZM": List(non-null Union(Dense, 31: ("Point ZM": Struct("x": non-null Float64, "y": non-null Float64, "z": non-null Float64, "m": non-null Float64)), 32: ("LineString ZM": List(non-null Struct("x": non-null Float64, "y": non-null Float64, "z": non-null Float64, "m": non-null Float64), field: 'vertices')), 33: ("Polygon ZM": List(non-null List(non-null Struct("x": non-null Float64, "y": non-null Float64, "z": non-null Float64, "m": non-null Float64), field: 'vertices'), field: 'rings')), 34: ("MultiPoint ZM": List(non-null Struct("x": non-null Float64, "y": non-null Float64, "z": non-null Float64, "m": non-null Float64), field: 'points')), 35: ("MultiLineString ZM": List(non-null List(non-null Struct("x": non-null Float64, "y": non-null Float64, "z": non-null Float64, "m": non-null Float64), field: 'vertices'), field: 'linestrings')), 36: ("MultiPolygon ZM": List(non-null List(non-null List(non-null Struct("x": non-null Float64, "y": non-null Float64, "z": non-null Float64, "m": non-null Float64), field: 'vertices'), field: 'rings'), field: 'polygons'))), field: 'geometries')))) AS x FROM t => SQL error: ParserError("Expected: a data type name, found: , at Line: 1, Column: 29")
DataFusion 55	union	column	arrow_cast to own storage type	ERROR			NO (error)	SELECT arrow_cast(g, 'Union(Dense, 1: ("Point": Struct("x": non-null Float64, "y": non-null Float64)), 2: ("LineString": List(non-null Struct("x": non-null Float64, "y": non-null Float64), field: 'vertices')), 3: ("Polygon": List(non-null List(non-null Struct("x": non-null Float64, "y": non-null Float64), field: 'vertices'), field: 'rings')), 4: ("MultiPoint": List(non-null Struct("x": non-null Float64, "y": non-null Float64), field: 'points')), 5: ("MultiLineString": List(non-null List(non-null Struct("x": non-null Float64, "y": non-null Float64), field: 'vertices'), field: 'linestrings')), 6: ("MultiPolygon": List(non-null List(non-null List(non-null Struct("x": non-null Float64, "y": non-null Float64), field: 'vertices'), field: 'rings'), field: 'polygons')), 7: ("GeometryCollection": List(non-null Union(Dense, 1: ("Point": Struct("x": non-null Float64, "y": non-null Float64)), 2: ("LineString": List(non-null Struct("x": non-null Float64, "y": non-null Float64), field: 'vertices')), 3: ("Polygon": List(non-null List(non-null Struct("x": non-null Float64, "y": non-null Float64), field: 'vertices'), field: 'rings')), 4: ("MultiPoint": List(non-null Struct("x": non-null Float64, "y": non-null Float64), field: 'points')), 5: ("MultiLineString": List(non-null List(non-null Struct("x": non-null Float64, "y": non-null Float64), field: 'vertices'), field: 'linestrings')), 6: ("MultiPolygon": List(non-null List(non-null List(non-null Struct("x": non-null Float64, "y": non-null Float64), field: 'vertices'), field: 'rings'), field: 'polygons'))), field: 'geometries')), 11: ("Point Z": Struct("x": non-null Float64, "y": non-null Float64, "z": non-null Float64)), 12: ("LineString Z": List(non-null Struct("x": non-null Float64, "y": non-null Float64, "z": non-null Float64), field: 'vertices')), 13: ("Polygon Z": List(non-null List(non-null Struct("x": non-null Float64, "y": non-null Float64, "z": non-null Float64), field: 'vertices'), field: 'rings')), 14: ("MultiPoint Z": List(non-null Struct("x": non-null Float64, "y": non-null Float64, "z": non-null Float64), field: 'points')), 15: ("MultiLineString Z": List(non-null List(non-null Struct("x": non-null Float64, "y": non-null Float64, "z": non-null Float64), field: 'vertices'), field: 'linestrings')), 16: ("MultiPolygon Z": List(non-null List(non-null List(non-null Struct("x": non-null Float64, "y": non-null Float64, "z": non-null Float64), field: 'vertices'), field: 'rings'), field: 'polygons')), 17: ("GeometryCollection Z": List(non-null Union(Dense, 11: ("Point Z": Struct("x": non-null Float64, "y": non-null Float64, "z": non-null Float64)), 12: ("LineString Z": List(non-null Struct("x": non-null Float64, "y": non-null Float64, "z": non-null Float64), field: 'vertices')), 13: ("Polygon Z": List(non-null List(non-null Struct("x": non-null Float64, "y": non-null Float64, "z": non-null Float64), field: 'vertices'), field: 'rings')), 14: ("MultiPoint Z": List(non-null Struct("x": non-null Float64, "y": non-null Float64, "z": non-null Float64), field: 'points')), 15: ("MultiLineString Z": List(non-null List(non-null Struct("x": non-null Float64, "y": non-null Float64, "z": non-null Float64), field: 'vertices'), field: 'linestrings')), 16: ("MultiPolygon Z": List(non-null List(non-null List(non-null Struct("x": non-null Float64, "y": non-null Float64, "z": non-null Float64), field: 'vertices'), field: 'rings'), field: 'polygons'))), field: 'geometries')), 21: ("Point M": Struct("x": non-null Float64, "y": non-null Float64, "m": non-null Float64)), 22: ("LineString M": List(non-null Struct("x": non-null Float64, "y": non-null Float64, "m": non-null Float64), field: 'vertices')), 23: ("Polygon M": List(non-null List(non-null Struct("x": non-null Float64, "y": non-null Float64, "m": non-null Float64), field: 'vertices'), field: 'rings')), 24: ("MultiPoint M": List(non-null Struct("x": non-null Float64, "y": non-null Float64, "m": non-null Float64), field: 'points')), 25: ("MultiLineString M": List(non-null List(non-null Struct("x": non-null Float64, "y": non-null Float64, "m": non-null Float64), field: 'vertices'), field: 'linestrings')), 26: ("MultiPolygon M": List(non-null List(non-null List(non-null Struct("x": non-null Float64, "y": non-null Float64, "m": non-null Float64), field: 'vertices'), field: 'rings'), field: 'polygons')), 27: ("GeometryCollection M": List(non-null Union(Dense, 21: ("Point M": Struct("x": non-null Float64, "y": non-null Float64, "m": non-null Float64)), 22: ("LineString M": List(non-null Struct("x": non-null Float64, "y": non-null Float64, "m": non-null Float64), field: 'vertices')), 23: ("Polygon M": List(non-null List(non-null Struct("x": non-null Float64, "y": non-null Float64, "m": non-null Float64), field: 'vertices'), field: 'rings')), 24: ("MultiPoint M": List(non-null Struct("x": non-null Float64, "y": non-null Float64, "m": non-null Float64), field: 'points')), 25: ("MultiLineString M": List(non-null List(non-null Struct("x": non-null Float64, "y": non-null Float64, "m": non-null Float64), field: 'vertices'), field: 'linestrings')), 26: ("MultiPolygon M": List(non-null List(non-null List(non-null Struct("x": non-null Float64, "y": non-null Float64, "m": non-null Float64), field: 'vertices'), field: 'rings'), field: 'polygons'))), field: 'geometries')), 31: ("Point ZM": Struct("x": non-null Float64, "y": non-null Float64, "z": non-null Float64, "m": non-null Float64)), 32: ("LineString ZM": List(non-null Struct("x": non-null Float64, "y": non-null Float64, "z": non-null Float64, "m": non-null Float64), field: 'vertices')), 33: ("Polygon ZM": List(non-null List(non-null Struct("x": non-null Float64, "y": non-null Float64, "z": non-null Float64, "m": non-null Float64), field: 'vertices'), field: 'rings')), 34: ("MultiPoint ZM": List(non-null Struct("x": non-null Float64, "y": non-null Float64, "z": non-null Float64, "m": non-null Float64), field: 'points')), 35: ("MultiLineString ZM": List(non-null List(non-null Struct("x": non-null Float64, "y": non-null Float64, "z": non-null Float64, "m": non-null Float64), field: 'vertices'), field: 'linestrings')), 36: ("MultiPolygon ZM": List(non-null List(non-null List(non-null Struct("x": non-null Float64, "y": non-null Float64, "z": non-null Float64, "m": non-null Float64), field: 'vertices'), field: 'rings'), field: 'polygons')), 37: ("GeometryCollection ZM": List(non-null Union(Dense, 31: ("Point ZM": Struct("x": non-null Float64, "y": non-null Float64, "z": non-null Float64, "m": non-null Float64)), 32: ("LineString ZM": List(non-null Struct("x": non-null Float64, "y": non-null Float64, "z": non-null Float64, "m": non-null Float64), field: 'vertices')), 33: ("Polygon ZM": List(non-null List(non-null Struct("x": non-null Float64, "y": non-null Float64, "z": non-null Float64, "m": non-null Float64), field: 'vertices'), field: 'rings')), 34: ("MultiPoint ZM": List(non-null Struct("x": non-null Float64, "y": non-null Float64, "z": non-null Float64, "m": non-null Float64), field: 'points')), 35: ("MultiLineString ZM": List(non-null List(non-null Struct("x": non-null Float64, "y": non-null Float64, "z": non-null Float64, "m": non-null Float64), field: 'vertices'), field: 'linestrings')), 36: ("MultiPolygon ZM": List(non-null List(non-null List(non-null Struct("x": non-null Float64, "y": non-null Float64, "z": non-null Float64, "m": non-null Float64), field: 'vertices'), field: 'rings'), field: 'polygons'))), field: 'geometries')))') AS x FROM t => SQL error: ParserError("Expected: ), found: vertices at Line: 1, Column: 198")
DataFusion 55	union	column	CAST to VARCHAR (should drop)	plan ok, exec ERROR: This feature is not implemented: Unsupported CAST from Union(Dense, 1: ("Point": Struct("x": non-null Float64, "y": non-null Float64)), 2: ("LineString": List(non-null Struct("x": non-null Float64, "y": non-null Float64), field: 'vertices')), 3: ("Polygon": List(non-null List(non-null Struct("x": no	-	ERROR This feature is not implemented: Unsupported CAST from Union(Dense, 1: ("Point": Struct("x": non-null Float64, "y": non-null Float64)), 2: ("LineString": List(non-null Struct("x": non-null Float64, "y": non-null Float64), field: 'vertices')), 3: ("Polygon": List(non-null List(non-null Struct("x": no	dropped (correct)	SELECT CAST(g AS VARCHAR) AS x FROM t
DataFusion 55	union	udf	control: projection	ok (2 rows, Union)	geoarrow.geometry {"crs":"EPSG:4326","crs_type":"authority_code"}	Union | geoarrow.geometry {"crs":"EPSG:4326","crs_type":"authority_code"}	yes	SELECT mk_union(id) AS x FROM t
DataFusion 55	union	udf	CASE (two branches)	ok (2 rows, Union)	-	Union | -	NO	SELECT CASE WHEN id = 1 THEN mk_union(id) ELSE mk_union(id) END AS x FROM t
DataFusion 55	union	udf	CASE (ELSE NULL)	ok (2 rows, Union)	-	Union | -	NO	SELECT CASE WHEN id = 1 THEN mk_union(id) END AS x FROM t
DataFusion 55	union	udf	COALESCE(x, x)	ok (2 rows, Union)	-	Union | -	NO	SELECT COALESCE(mk_union(id), mk_union(id)) AS x FROM t
DataFusion 55	union	udf	COALESCE(x, NULL)	ok (2 rows, Union)	-	Union | -	NO	SELECT COALESCE(mk_union(id), NULL) AS x FROM t
DataFusion 55	union	udf	make_array + unnest	ok (4 rows, Union)	-	Union | -	NO	SELECT unnest(make_array(mk_union(id), mk_union(id))) AS x FROM t
DataFusion 55	union	udf	make_array (element field)	ok (2 rows, List(Union))	-	List(Union) | -	NO	SELECT make_array(mk_union(id), mk_union(id)) AS x FROM t
DataFusion 55	union	udf	array_agg + unnest	ok (2 rows, Union)	-	Union | -	NO	SELECT unnest(array_agg(mk_union(id))) AS x FROM t
DataFusion 55	union	udf	array_agg (element field)	ok (1 rows, List(Union))	-	List(Union) | -	NO	SELECT array_agg(mk_union(id)) AS x FROM t
DataFusion 55	union	udf	UNION ALL	ok (4 rows, Union)	geoarrow.geometry {"crs":"EPSG:4326","crs_type":"authority_code"}	Union | geoarrow.geometry {"crs":"EPSG:4326","crs_type":"authority_code"}	yes	SELECT mk_union(id) AS x FROM t UNION ALL SELECT mk_union(id) AS x FROM t
DataFusion 55	union	udf	VALUES (constants)	ok (2 rows, Union)	geoarrow.geometry {"crs":"EPSG:4326","crs_type":"authority_code"}	Union | geoarrow.geometry {"crs":"EPSG:4326","crs_type":"authority_code"}	yes	SELECT column1 AS x FROM (VALUES (mk_union(1)), (mk_union(2)))
DataFusion 55	union	udf	CAST to own storage type	ERROR			NO (error)	SELECT CAST(mk_union(id) AS Union(Dense, 1: ("Point": Struct("x": non-null Float64, "y": non-null Float64)), 2: ("LineString": List(non-null Struct("x": non-null Float64, "y": non-null Float64), field: 'vertices')), 3: ("Polygon": List(non-null List(non-null Struct("x": non-null Float64, "y": non-null Float64), field: 'vertices'), field: 'rings')), 4: ("MultiPoint": List(non-null Struct("x": non-null Float64, "y": non-null Float64), field: 'points')), 5: ("MultiLineString": List(non-null List(non-null Struct("x": non-null Float64, "y": non-null Float64), field: 'vertices'), field: 'linestrings')), 6: ("MultiPolygon": List(non-null List(non-null List(non-null Struct("x": non-null Float64, "y": non-null Float64), field: 'vertices'), field: 'rings'), field: 'polygons')), 7: ("GeometryCollection": List(non-null Union(Dense, 1: ("Point": Struct("x": non-null Float64, "y": non-null Float64)), 2: ("LineString": List(non-null Struct("x": non-null Float64, "y": non-null Float64), field: 'vertices')), 3: ("Polygon": List(non-null List(non-null Struct("x": non-null Float64, "y": non-null Float64), field: 'vertices'), field: 'rings')), 4: ("MultiPoint": List(non-null Struct("x": non-null Float64, "y": non-null Float64), field: 'points')), 5: ("MultiLineString": List(non-null List(non-null Struct("x": non-null Float64, "y": non-null Float64), field: 'vertices'), field: 'linestrings')), 6: ("MultiPolygon": List(non-null List(non-null List(non-null Struct("x": non-null Float64, "y": non-null Float64), field: 'vertices'), field: 'rings'), field: 'polygons'))), field: 'geometries')), 11: ("Point Z": Struct("x": non-null Float64, "y": non-null Float64, "z": non-null Float64)), 12: ("LineString Z": List(non-null Struct("x": non-null Float64, "y": non-null Float64, "z": non-null Float64), field: 'vertices')), 13: ("Polygon Z": List(non-null List(non-null Struct("x": non-null Float64, "y": non-null Float64, "z": non-null Float64), field: 'vertices'), field: 'rings')), 14: ("MultiPoint Z": List(non-null Struct("x": non-null Float64, "y": non-null Float64, "z": non-null Float64), field: 'points')), 15: ("MultiLineString Z": List(non-null List(non-null Struct("x": non-null Float64, "y": non-null Float64, "z": non-null Float64), field: 'vertices'), field: 'linestrings')), 16: ("MultiPolygon Z": List(non-null List(non-null List(non-null Struct("x": non-null Float64, "y": non-null Float64, "z": non-null Float64), field: 'vertices'), field: 'rings'), field: 'polygons')), 17: ("GeometryCollection Z": List(non-null Union(Dense, 11: ("Point Z": Struct("x": non-null Float64, "y": non-null Float64, "z": non-null Float64)), 12: ("LineString Z": List(non-null Struct("x": non-null Float64, "y": non-null Float64, "z": non-null Float64), field: 'vertices')), 13: ("Polygon Z": List(non-null List(non-null Struct("x": non-null Float64, "y": non-null Float64, "z": non-null Float64), field: 'vertices'), field: 'rings')), 14: ("MultiPoint Z": List(non-null Struct("x": non-null Float64, "y": non-null Float64, "z": non-null Float64), field: 'points')), 15: ("MultiLineString Z": List(non-null List(non-null Struct("x": non-null Float64, "y": non-null Float64, "z": non-null Float64), field: 'vertices'), field: 'linestrings')), 16: ("MultiPolygon Z": List(non-null List(non-null List(non-null Struct("x": non-null Float64, "y": non-null Float64, "z": non-null Float64), field: 'vertices'), field: 'rings'), field: 'polygons'))), field: 'geometries')), 21: ("Point M": Struct("x": non-null Float64, "y": non-null Float64, "m": non-null Float64)), 22: ("LineString M": List(non-null Struct("x": non-null Float64, "y": non-null Float64, "m": non-null Float64), field: 'vertices')), 23: ("Polygon M": List(non-null List(non-null Struct("x": non-null Float64, "y": non-null Float64, "m": non-null Float64), field: 'vertices'), field: 'rings')), 24: ("MultiPoint M": List(non-null Struct("x": non-null Float64, "y": non-null Float64, "m": non-null Float64), field: 'points')), 25: ("MultiLineString M": List(non-null List(non-null Struct("x": non-null Float64, "y": non-null Float64, "m": non-null Float64), field: 'vertices'), field: 'linestrings')), 26: ("MultiPolygon M": List(non-null List(non-null List(non-null Struct("x": non-null Float64, "y": non-null Float64, "m": non-null Float64), field: 'vertices'), field: 'rings'), field: 'polygons')), 27: ("GeometryCollection M": List(non-null Union(Dense, 21: ("Point M": Struct("x": non-null Float64, "y": non-null Float64, "m": non-null Float64)), 22: ("LineString M": List(non-null Struct("x": non-null Float64, "y": non-null Float64, "m": non-null Float64), field: 'vertices')), 23: ("Polygon M": List(non-null List(non-null Struct("x": non-null Float64, "y": non-null Float64, "m": non-null Float64), field: 'vertices'), field: 'rings')), 24: ("MultiPoint M": List(non-null Struct("x": non-null Float64, "y": non-null Float64, "m": non-null Float64), field: 'points')), 25: ("MultiLineString M": List(non-null List(non-null Struct("x": non-null Float64, "y": non-null Float64, "m": non-null Float64), field: 'vertices'), field: 'linestrings')), 26: ("MultiPolygon M": List(non-null List(non-null List(non-null Struct("x": non-null Float64, "y": non-null Float64, "m": non-null Float64), field: 'vertices'), field: 'rings'), field: 'polygons'))), field: 'geometries')), 31: ("Point ZM": Struct("x": non-null Float64, "y": non-null Float64, "z": non-null Float64, "m": non-null Float64)), 32: ("LineString ZM": List(non-null Struct("x": non-null Float64, "y": non-null Float64, "z": non-null Float64, "m": non-null Float64), field: 'vertices')), 33: ("Polygon ZM": List(non-null List(non-null Struct("x": non-null Float64, "y": non-null Float64, "z": non-null Float64, "m": non-null Float64), field: 'vertices'), field: 'rings')), 34: ("MultiPoint ZM": List(non-null Struct("x": non-null Float64, "y": non-null Float64, "z": non-null Float64, "m": non-null Float64), field: 'points')), 35: ("MultiLineString ZM": List(non-null List(non-null Struct("x": non-null Float64, "y": non-null Float64, "z": non-null Float64, "m": non-null Float64), field: 'vertices'), field: 'linestrings')), 36: ("MultiPolygon ZM": List(non-null List(non-null List(non-null Struct("x": non-null Float64, "y": non-null Float64, "z": non-null Float64, "m": non-null Float64), field: 'vertices'), field: 'rings'), field: 'polygons')), 37: ("GeometryCollection ZM": List(non-null Union(Dense, 31: ("Point ZM": Struct("x": non-null Float64, "y": non-null Float64, "z": non-null Float64, "m": non-null Float64)), 32: ("LineString ZM": List(non-null Struct("x": non-null Float64, "y": non-null Float64, "z": non-null Float64, "m": non-null Float64), field: 'vertices')), 33: ("Polygon ZM": List(non-null List(non-null Struct("x": non-null Float64, "y": non-null Float64, "z": non-null Float64, "m": non-null Float64), field: 'vertices'), field: 'rings')), 34: ("MultiPoint ZM": List(non-null Struct("x": non-null Float64, "y": non-null Float64, "z": non-null Float64, "m": non-null Float64), field: 'points')), 35: ("MultiLineString ZM": List(non-null List(non-null Struct("x": non-null Float64, "y": non-null Float64, "z": non-null Float64, "m": non-null Float64), field: 'vertices'), field: 'linestrings')), 36: ("MultiPolygon ZM": List(non-null List(non-null List(non-null Struct("x": non-null Float64, "y": non-null Float64, "z": non-null Float64, "m": non-null Float64), field: 'vertices'), field: 'rings'), field: 'polygons'))), field: 'geometries')))) AS x FROM t => SQL error: ParserError("Expected: a data type name, found: , at Line: 1, Column: 40")
DataFusion 55	union	udf	arrow_cast to own storage type	ERROR			NO (error)	SELECT arrow_cast(mk_union(id), 'Union(Dense, 1: ("Point": Struct("x": non-null Float64, "y": non-null Float64)), 2: ("LineString": List(non-null Struct("x": non-null Float64, "y": non-null Float64), field: 'vertices')), 3: ("Polygon": List(non-null List(non-null Struct("x": non-null Float64, "y": non-null Float64), field: 'vertices'), field: 'rings')), 4: ("MultiPoint": List(non-null Struct("x": non-null Float64, "y": non-null Float64), field: 'points')), 5: ("MultiLineString": List(non-null List(non-null Struct("x": non-null Float64, "y": non-null Float64), field: 'vertices'), field: 'linestrings')), 6: ("MultiPolygon": List(non-null List(non-null List(non-null Struct("x": non-null Float64, "y": non-null Float64), field: 'vertices'), field: 'rings'), field: 'polygons')), 7: ("GeometryCollection": List(non-null Union(Dense, 1: ("Point": Struct("x": non-null Float64, "y": non-null Float64)), 2: ("LineString": List(non-null Struct("x": non-null Float64, "y": non-null Float64), field: 'vertices')), 3: ("Polygon": List(non-null List(non-null Struct("x": non-null Float64, "y": non-null Float64), field: 'vertices'), field: 'rings')), 4: ("MultiPoint": List(non-null Struct("x": non-null Float64, "y": non-null Float64), field: 'points')), 5: ("MultiLineString": List(non-null List(non-null Struct("x": non-null Float64, "y": non-null Float64), field: 'vertices'), field: 'linestrings')), 6: ("MultiPolygon": List(non-null List(non-null List(non-null Struct("x": non-null Float64, "y": non-null Float64), field: 'vertices'), field: 'rings'), field: 'polygons'))), field: 'geometries')), 11: ("Point Z": Struct("x": non-null Float64, "y": non-null Float64, "z": non-null Float64)), 12: ("LineString Z": List(non-null Struct("x": non-null Float64, "y": non-null Float64, "z": non-null Float64), field: 'vertices')), 13: ("Polygon Z": List(non-null List(non-null Struct("x": non-null Float64, "y": non-null Float64, "z": non-null Float64), field: 'vertices'), field: 'rings')), 14: ("MultiPoint Z": List(non-null Struct("x": non-null Float64, "y": non-null Float64, "z": non-null Float64), field: 'points')), 15: ("MultiLineString Z": List(non-null List(non-null Struct("x": non-null Float64, "y": non-null Float64, "z": non-null Float64), field: 'vertices'), field: 'linestrings')), 16: ("MultiPolygon Z": List(non-null List(non-null List(non-null Struct("x": non-null Float64, "y": non-null Float64, "z": non-null Float64), field: 'vertices'), field: 'rings'), field: 'polygons')), 17: ("GeometryCollection Z": List(non-null Union(Dense, 11: ("Point Z": Struct("x": non-null Float64, "y": non-null Float64, "z": non-null Float64)), 12: ("LineString Z": List(non-null Struct("x": non-null Float64, "y": non-null Float64, "z": non-null Float64), field: 'vertices')), 13: ("Polygon Z": List(non-null List(non-null Struct("x": non-null Float64, "y": non-null Float64, "z": non-null Float64), field: 'vertices'), field: 'rings')), 14: ("MultiPoint Z": List(non-null Struct("x": non-null Float64, "y": non-null Float64, "z": non-null Float64), field: 'points')), 15: ("MultiLineString Z": List(non-null List(non-null Struct("x": non-null Float64, "y": non-null Float64, "z": non-null Float64), field: 'vertices'), field: 'linestrings')), 16: ("MultiPolygon Z": List(non-null List(non-null List(non-null Struct("x": non-null Float64, "y": non-null Float64, "z": non-null Float64), field: 'vertices'), field: 'rings'), field: 'polygons'))), field: 'geometries')), 21: ("Point M": Struct("x": non-null Float64, "y": non-null Float64, "m": non-null Float64)), 22: ("LineString M": List(non-null Struct("x": non-null Float64, "y": non-null Float64, "m": non-null Float64), field: 'vertices')), 23: ("Polygon M": List(non-null List(non-null Struct("x": non-null Float64, "y": non-null Float64, "m": non-null Float64), field: 'vertices'), field: 'rings')), 24: ("MultiPoint M": List(non-null Struct("x": non-null Float64, "y": non-null Float64, "m": non-null Float64), field: 'points')), 25: ("MultiLineString M": List(non-null List(non-null Struct("x": non-null Float64, "y": non-null Float64, "m": non-null Float64), field: 'vertices'), field: 'linestrings')), 26: ("MultiPolygon M": List(non-null List(non-null List(non-null Struct("x": non-null Float64, "y": non-null Float64, "m": non-null Float64), field: 'vertices'), field: 'rings'), field: 'polygons')), 27: ("GeometryCollection M": List(non-null Union(Dense, 21: ("Point M": Struct("x": non-null Float64, "y": non-null Float64, "m": non-null Float64)), 22: ("LineString M": List(non-null Struct("x": non-null Float64, "y": non-null Float64, "m": non-null Float64), field: 'vertices')), 23: ("Polygon M": List(non-null List(non-null Struct("x": non-null Float64, "y": non-null Float64, "m": non-null Float64), field: 'vertices'), field: 'rings')), 24: ("MultiPoint M": List(non-null Struct("x": non-null Float64, "y": non-null Float64, "m": non-null Float64), field: 'points')), 25: ("MultiLineString M": List(non-null List(non-null Struct("x": non-null Float64, "y": non-null Float64, "m": non-null Float64), field: 'vertices'), field: 'linestrings')), 26: ("MultiPolygon M": List(non-null List(non-null List(non-null Struct("x": non-null Float64, "y": non-null Float64, "m": non-null Float64), field: 'vertices'), field: 'rings'), field: 'polygons'))), field: 'geometries')), 31: ("Point ZM": Struct("x": non-null Float64, "y": non-null Float64, "z": non-null Float64, "m": non-null Float64)), 32: ("LineString ZM": List(non-null Struct("x": non-null Float64, "y": non-null Float64, "z": non-null Float64, "m": non-null Float64), field: 'vertices')), 33: ("Polygon ZM": List(non-null List(non-null Struct("x": non-null Float64, "y": non-null Float64, "z": non-null Float64, "m": non-null Float64), field: 'vertices'), field: 'rings')), 34: ("MultiPoint ZM": List(non-null Struct("x": non-null Float64, "y": non-null Float64, "z": non-null Float64, "m": non-null Float64), field: 'points')), 35: ("MultiLineString ZM": List(non-null List(non-null Struct("x": non-null Float64, "y": non-null Float64, "z": non-null Float64, "m": non-null Float64), field: 'vertices'), field: 'linestrings')), 36: ("MultiPolygon ZM": List(non-null List(non-null List(non-null Struct("x": non-null Float64, "y": non-null Float64, "z": non-null Float64, "m": non-null Float64), field: 'vertices'), field: 'rings'), field: 'polygons')), 37: ("GeometryCollection ZM": List(non-null Union(Dense, 31: ("Point ZM": Struct("x": non-null Float64, "y": non-null Float64, "z": non-null Float64, "m": non-null Float64)), 32: ("LineString ZM": List(non-null Struct("x": non-null Float64, "y": non-null Float64, "z": non-null Float64, "m": non-null Float64), field: 'vertices')), 33: ("Polygon ZM": List(non-null List(non-null Struct("x": non-null Float64, "y": non-null Float64, "z": non-null Float64, "m": non-null Float64), field: 'vertices'), field: 'rings')), 34: ("MultiPoint ZM": List(non-null Struct("x": non-null Float64, "y": non-null Float64, "z": non-null Float64, "m": non-null Float64), field: 'points')), 35: ("MultiLineString ZM": List(non-null List(non-null Struct("x": non-null Float64, "y": non-null Float64, "z": non-null Float64, "m": non-null Float64), field: 'vertices'), field: 'linestrings')), 36: ("MultiPolygon ZM": List(non-null List(non-null List(non-null Struct("x": non-null Float64, "y": non-null Float64, "z": non-null Float64, "m": non-null Float64), field: 'vertices'), field: 'rings'), field: 'polygons'))), field: 'geometries')))') AS x FROM t => SQL error: ParserError("Expected: ), found: vertices at Line: 1, Column: 209")
DataFusion 55	union	udf	CAST to VARCHAR (should drop)	plan ok, exec ERROR: This feature is not implemented: Unsupported CAST from Union(Dense, 1: ("Point": Struct("x": non-null Float64, "y": non-null Float64)), 2: ("LineString": List(non-null Struct("x": non-null Float64, "y": non-null Float64), field: 'vertices')), 3: ("Polygon": List(non-null List(non-null Struct("x": no	-	ERROR This feature is not implemented: Unsupported CAST from Union(Dense, 1: ("Point": Struct("x": non-null Float64, "y": non-null Float64)), 2: ("LineString": List(non-null Struct("x": non-null Float64, "y": non-null Float64), field: 'vertices')), 3: ("Polygon": List(non-null List(non-null Struct("x": no	dropped (correct)	SELECT CAST(mk_union(id) AS VARCHAR) AS x FROM t
DataFusion 55	wkb	column	control: projection	ok (2 rows, Binary)	geoarrow.wkb {"crs":"EPSG:4326","crs_type":"authority_code"}	Binary | geoarrow.wkb {"crs":"EPSG:4326","crs_type":"authority_code"}	yes	SELECT w AS x FROM t
DataFusion 55	wkb	column	CASE (two branches)	ok (2 rows, Binary)	-	Binary | -	NO	SELECT CASE WHEN id = 1 THEN w ELSE w END AS x FROM t
DataFusion 55	wkb	column	CASE (ELSE NULL)	ok (2 rows, Binary)	-	Binary | -	NO	SELECT CASE WHEN id = 1 THEN w END AS x FROM t
DataFusion 55	wkb	column	COALESCE(x, x)	ok (2 rows, Binary)	-	Binary | -	NO	SELECT COALESCE(w, w) AS x FROM t
DataFusion 55	wkb	column	COALESCE(x, NULL)	ERROR			NO (error)	SELECT COALESCE(w, NULL) AS x FROM t => Error during planning: Execution error: Function 'coalesce' user-defined coercion failed with: Execution error: Fail to find the coerced type, errors: Execution error: Expect to get struct but got Binary. No function matches the given name and argument types 'coalesce(Binary, Null)'. You might need 
DataFusion 55	wkb	column	make_array + unnest	ok (4 rows, Binary)	-	Binary | -	NO	SELECT unnest(make_array(w, w)) AS x FROM t
DataFusion 55	wkb	column	make_array (element field)	ok (2 rows, List(Binary))	-	List(Binary) | -	NO	SELECT make_array(w, w) AS x FROM t
DataFusion 55	wkb	column	array_agg + unnest	ok (2 rows, Binary)	-	Binary | -	NO	SELECT unnest(array_agg(w)) AS x FROM t
DataFusion 55	wkb	column	array_agg (element field)	ok (1 rows, List(Binary))	-	List(Binary) | -	NO	SELECT array_agg(w) AS x FROM t
DataFusion 55	wkb	column	UNION ALL	ok (4 rows, Binary)	geoarrow.wkb {"crs":"EPSG:4326","crs_type":"authority_code"}	Binary | geoarrow.wkb {"crs":"EPSG:4326","crs_type":"authority_code"}	yes	SELECT w AS x FROM t UNION ALL SELECT w AS x FROM t
DataFusion 55	wkb	column	CAST to own storage type	ok (2 rows, Binary)	-	Binary | -	NO	SELECT CAST(w AS BYTEA) AS x FROM t
DataFusion 55	wkb	column	arrow_cast to own storage type	ok (2 rows, Binary)	-	Binary | -	NO	SELECT arrow_cast(w, 'Binary') AS x FROM t
DataFusion 55	wkb	column	CAST to VARCHAR (should drop)	plan ok, exec ERROR: Arrow error: Invalid argument error: Encountered non UTF-8 data: invalid utf-8 sequence of 1 bytes from index 11	-	ERROR Arrow error: Invalid argument error: Encountered non UTF-8 data: invalid utf-8 sequence of 1 bytes from index 11	dropped (correct)	SELECT CAST(w AS VARCHAR) AS x FROM t
DataFusion 55	wkb	udf	control: projection	ok (2 rows, Binary)	geoarrow.wkb {"crs":"EPSG:4326","crs_type":"authority_code"}	Binary | geoarrow.wkb {"crs":"EPSG:4326","crs_type":"authority_code"}	yes	SELECT mk_wkb(id) AS x FROM t
DataFusion 55	wkb	udf	CASE (two branches)	ok (2 rows, Binary)	-	Binary | -	NO	SELECT CASE WHEN id = 1 THEN mk_wkb(id) ELSE mk_wkb(id) END AS x FROM t
DataFusion 55	wkb	udf	CASE (ELSE NULL)	ok (2 rows, Binary)	-	Binary | -	NO	SELECT CASE WHEN id = 1 THEN mk_wkb(id) END AS x FROM t
DataFusion 55	wkb	udf	COALESCE(x, x)	ok (2 rows, Binary)	-	Binary | -	NO	SELECT COALESCE(mk_wkb(id), mk_wkb(id)) AS x FROM t
DataFusion 55	wkb	udf	COALESCE(x, NULL)	ERROR			NO (error)	SELECT COALESCE(mk_wkb(id), NULL) AS x FROM t => Error during planning: Execution error: Function 'coalesce' user-defined coercion failed with: Execution error: Fail to find the coerced type, errors: Execution error: Expect to get struct but got Binary. No function matches the given name and argument types 'coalesce(Binary, Null)'. You might need 
DataFusion 55	wkb	udf	make_array + unnest	ok (4 rows, Binary)	-	Binary | -	NO	SELECT unnest(make_array(mk_wkb(id), mk_wkb(id))) AS x FROM t
DataFusion 55	wkb	udf	make_array (element field)	ok (2 rows, List(Binary))	-	List(Binary) | -	NO	SELECT make_array(mk_wkb(id), mk_wkb(id)) AS x FROM t
DataFusion 55	wkb	udf	array_agg + unnest	ok (2 rows, Binary)	-	Binary | -	NO	SELECT unnest(array_agg(mk_wkb(id))) AS x FROM t
DataFusion 55	wkb	udf	array_agg (element field)	ok (1 rows, List(Binary))	-	List(Binary) | -	NO	SELECT array_agg(mk_wkb(id)) AS x FROM t
DataFusion 55	wkb	udf	UNION ALL	ok (4 rows, Binary)	geoarrow.wkb {"crs":"EPSG:4326","crs_type":"authority_code"}	Binary | geoarrow.wkb {"crs":"EPSG:4326","crs_type":"authority_code"}	yes	SELECT mk_wkb(id) AS x FROM t UNION ALL SELECT mk_wkb(id) AS x FROM t
DataFusion 55	wkb	udf	VALUES (constants)	ok (2 rows, Binary)	geoarrow.wkb {"crs":"EPSG:4326","crs_type":"authority_code"}	Binary | geoarrow.wkb {"crs":"EPSG:4326","crs_type":"authority_code"}	yes	SELECT column1 AS x FROM (VALUES (mk_wkb(1)), (mk_wkb(2)))
DataFusion 55	wkb	udf	CAST to own storage type	ok (2 rows, Binary)	-	Binary | -	NO	SELECT CAST(mk_wkb(id) AS BYTEA) AS x FROM t
DataFusion 55	wkb	udf	arrow_cast to own storage type	ok (2 rows, Binary)	-	Binary | -	NO	SELECT arrow_cast(mk_wkb(id), 'Binary') AS x FROM t
DataFusion 55	wkb	udf	CAST to VARCHAR (should drop)	plan ok, exec ERROR: Arrow error: Invalid argument error: Encountered non UTF-8 data: invalid utf-8 sequence of 1 bytes from index 11	-	ERROR Arrow error: Invalid argument error: Encountered non UTF-8 data: invalid utf-8 sequence of 1 bytes from index 11	dropped (correct)	SELECT CAST(mk_wkb(id) AS VARCHAR) AS x FROM t
DataFusion 55	plain	column	control: projection	ok (2 rows, Binary)	-	Binary | -	n/a (control, works)	SELECT b AS x FROM t
DataFusion 55	plain	column	CASE (two branches)	ok (2 rows, Binary)	-	Binary | -	n/a (control, works)	SELECT CASE WHEN id = 1 THEN b ELSE b END AS x FROM t
DataFusion 55	plain	column	CASE (ELSE NULL)	ok (2 rows, Binary)	-	Binary | -	n/a (control, works)	SELECT CASE WHEN id = 1 THEN b END AS x FROM t
DataFusion 55	plain	column	COALESCE(x, x)	ok (2 rows, Binary)	-	Binary | -	n/a (control, works)	SELECT COALESCE(b, b) AS x FROM t
DataFusion 55	plain	column	COALESCE(x, NULL)	ERROR			n/a (control, error)	SELECT COALESCE(b, NULL) AS x FROM t => Error during planning: Execution error: Function 'coalesce' user-defined coercion failed with: Execution error: Fail to find the coerced type, errors: Execution error: Expect to get struct but got Binary. No function matches the given name and argument types 'coalesce(Binary, Null)'. You might need 
DataFusion 55	plain	column	make_array + unnest	ok (4 rows, Binary)	-	Binary | -	n/a (control, works)	SELECT unnest(make_array(b, b)) AS x FROM t
DataFusion 55	plain	column	make_array (element field)	ok (2 rows, List(Binary))	-	List(Binary) | -	n/a (control, works)	SELECT make_array(b, b) AS x FROM t
DataFusion 55	plain	column	array_agg + unnest	ok (2 rows, Binary)	-	Binary | -	n/a (control, works)	SELECT unnest(array_agg(b)) AS x FROM t
DataFusion 55	plain	column	array_agg (element field)	ok (1 rows, List(Binary))	-	List(Binary) | -	n/a (control, works)	SELECT array_agg(b) AS x FROM t
DataFusion 55	plain	column	UNION ALL	ok (4 rows, Binary)	-	Binary | -	n/a (control, works)	SELECT b AS x FROM t UNION ALL SELECT b AS x FROM t
DataFusion 55	plain	column	CAST to own storage type	ok (2 rows, Binary)	-	Binary | -	n/a (control, works)	SELECT CAST(b AS BYTEA) AS x FROM t
DataFusion 55	plain	column	arrow_cast to own storage type	ok (2 rows, Binary)	-	Binary | -	n/a (control, works)	SELECT arrow_cast(b, 'Binary') AS x FROM t
DataFusion 55	plain	column	CAST to VARCHAR (should drop)	plan ok, exec ERROR: Arrow error: Invalid argument error: Encountered non UTF-8 data: invalid utf-8 sequence of 1 bytes from index 11	-	ERROR Arrow error: Invalid argument error: Encountered non UTF-8 data: invalid utf-8 sequence of 1 bytes from index 11	n/a (control, exec error)	SELECT CAST(b AS VARCHAR) AS x FROM t
