points	sep	3000	centroid	n==l:true	n==w:true	w==f(wkt):true	w==f(bytes):true
points	sep	3000	simplify	n==l:true	n==w:true	w==f(wkt):true	w==f(bytes):true
points	sep	3000	translate	n==l:true	n==w:true	w==f(wkt):true	w==f(bytes):true
points	sep	3000	buffer	n==l:true	n==w:true	w==f(wkt):true	w==f(bytes):true
points	wkb	3000	centroid	n==l:true	n==w:true	w==f(wkt):true	w==f(bytes):true
points	wkb	3000	simplify	n==l:true	n==w:true	w==f(wkt):true	w==f(bytes):true
points	wkb	3000	translate	n==l:true	n==w:true	w==f(wkt):true	w==f(bytes):true
points	wkb	3000	buffer	n==l:true	n==w:true	w==f(wkt):true	w==f(bytes):true
poly10	sep	3000	centroid	n==l:true	n==w:true	w==f(wkt):true	w==f(bytes):true
poly10	sep	3000	simplify	n==l:true	n==w:true	w==f(wkt):true	w==f(bytes):true
poly10	sep	3000	translate	n==l:true	n==w:true	w==f(wkt):true	w==f(bytes):true
poly10	sep	3000	buffer	n==l:true	n==w:true	w==f(wkt):true	w==f(bytes):true
poly10	wkb	3000	centroid	n==l:true	n==w:true	w==f(wkt):true	w==f(bytes):true
poly10	wkb	3000	simplify	n==l:true	n==w:true	w==f(wkt):true	w==f(bytes):true
poly10	wkb	3000	translate	n==l:true	n==w:true	w==f(wkt):true	w==f(bytes):true
poly10	wkb	3000	buffer	n==l:true	n==w:true	w==f(wkt):true	w==f(bytes):true
poly100	sep	3000	centroid	n==l:true	n==w:true	w==f(wkt):true	w==f(bytes):true
poly100	sep	3000	simplify	n==l:true	n==w:true	w==f(wkt):true	w==f(bytes):true
poly100	sep	3000	translate	n==l:true	n==w:true	w==f(wkt):true	w==f(bytes):true
poly100	sep	3000	buffer	n==l:true	n==w:true	w==f(wkt):true	w==f(bytes):true
poly100	wkb	3000	centroid	n==l:true	n==w:true	w==f(wkt):true	w==f(bytes):true
poly100	wkb	3000	simplify	n==l:true	n==w:true	w==f(wkt):true	w==f(bytes):true
poly100	wkb	3000	translate	n==l:true	n==w:true	w==f(wkt):true	w==f(bytes):true
poly100	wkb	3000	buffer	n==l:true	n==w:true	w==f(wkt):true	w==f(bytes):true
poly1000	sep	3000	centroid	n==l:true	n==w:true	w==f(wkt):true	w==f(bytes):true
poly1000	sep	3000	simplify	n==l:true	n==w:true	w==f(wkt):true	w==f(bytes):true
poly1000	sep	3000	translate	n==l:true	n==w:true	w==f(wkt):true	w==f(bytes):true
poly1000	sep	3000	buffer	n==l:true	n==w:true	w==f(wkt):true	w==f(bytes):true
poly1000	wkb	3000	centroid	n==l:true	n==w:true	w==f(wkt):true	w==f(bytes):true
poly1000	wkb	3000	simplify	n==l:true	n==w:true	w==f(wkt):true	w==f(bytes):true
poly1000	wkb	3000	translate	n==l:true	n==w:true	w==f(wkt):true	w==f(bytes):true
poly1000	wkb	3000	buffer	n==l:true	n==w:true	w==f(wkt):true	w==f(bytes):true
