rank,name,group,chapter,implemented,score,percentile,sql_total,sql_precision,sql_adjusted,plpgsql_total,plpgsql_precision,plpgsql_adjusted,python_total,python_precision,python_adjusted,se_posts,skip_candidate,repo_score,repo_percentile,sample_repos_sql,sample_repos_plpgsql,low_confidence
1,ST_Y,G1,accessor,yes,26248,100.0,19776,0.97,19183,7680,0.92,7066,962560,0.16,154010,454,,21034,100.0,85,55,
2,ST_SetSRID,G6,srs,,17411,99.7,6496,0.96,6236,11520,0.97,11174,,,,1282,,13016,99.7,78,69,
3,ST_MakePoint,G1,constructor,yes,15063,99.3,5776,0.97,5603,10064,0.94,9460,9728,0.97,9436,,,11317,99.3,67,74,
4,ST_X,G1,accessor,yes,14743,99.0,8528,0.94,8016,7312,0.92,6727,1280000,0.17,217600,,,9784,99.0,65,58,
5,ST_Distance,G2,measure,yes,10848,98.6,4208,0.85,3577,7904,0.92,7272,174080,0.28,48742,1185,,8721,98.6,72,72,
6,ST_DWithin,G2,relationship,,9023,98.3,3056,0.92,2812,6608,0.94,6212,,,,,,6144,98.3,54,68,
7,ST_Intersects,G2,relationship,yes,8709,98.0,5184,0.96,4977,3888,0.96,3732,,,,,,4951,97.6,49,62,
8,ST_Transform,G3,srs,,7620,97.6,4544,0.98,4453,3232,0.98,3167,,,,1846,,5164,98.0,66,67,
9,ST_Collect,G1+G5,constructor,,7072,97.3,3960,0.95,3762,3448,0.96,3310,447488,0.07,31324,,,3749,96.6,52,49,
10,ST_Area,G2,measure,yes,6819,97.0,4840,0.93,4501,2440,0.95,2318,111616,0.25,27904,687,,4368,97.3,61,58,
11,ST_Multi,G1,editor,,6093,96.6,3360,0.97,3259,3080,0.92,2834,2256896,0.02,45138,,,1940,94.6,22,39,
12,ST_Union,G3+G5,overlay,,5909,96.3,4560,0.93,4241,2060,0.81,1669,283648,0.88,249610,1412,,2198,95.6,36,27,
13,ST_Point,G1,constructor,yes,5490,95.9,4576,0.78,3569,3920,0.49,1921,467968,0.15,70195,475,,3935,97.0,56,35,
14,ST_GeomFromText,G4,input,yes,5145,95.6,4592,0.82,3765,1452,0.95,1379,,,,,,2476,95.9,40,44,
15,ST_Contains,G2,relationship,yes,4284,95.3,2584,0.92,2377,2192,0.87,1907,362496,0.85,308122,,,2556,96.3,48,60,
16,ST_Length,G2,measure,yes,4118,94.9,2544,0.96,2442,1728,0.97,1676,486400,0.07,34048,,,1775,92.9,46,35,
17,ST_Centroid,G2,processing,yes,4078,94.6,2448,0.97,2375,1832,0.93,1704,49024,0.85,41670,509,,1846,93.2,41,46,
18,ST_AsText,G4,output,yes,3789,94.3,2920,0.67,1956,1992,0.92,1833,,,,,,1950,94.9,47,29,
19,ST_Dump,G5,accessor,yes,3567,93.9,1920,0.93,1786,1916,0.93,1782,,,,,,1880,93.9,53,45,
20,ST_Intersection,G3,overlay,,3389,93.6,2036,0.93,1893,1608,0.93,1495,,,,,,1733,92.6,48,47,
21,ST_Buffer,G3,processing,,3304,93.2,2136,0.9,1922,1552,0.89,1381,,,,1162,,1852,93.6,54,45,
22,ST_AsGeoJSON,G4,output,,3301,92.9,1748,0.94,1643,1692,0.98,1658,,,,380,,1294,90.9,44,31,
23,ST_Z,G1,accessor,yes,2862,92.6,4296,0.46,1976,1230,0.72,886,1527808,0.0,0,,,2033,95.3,35,43,
24,ST_EndPoint,G1,accessor,yes,2634,92.2,1116,0.91,1016,1668,0.97,1618,161280,0.11,17741,251,,1008,90.2,41,33,
25,ST_GeometryType,G1,accessor,yes,2572,91.9,1476,0.82,1210,1404,0.97,1362,8432,0.87,7336,121,,1014,90.5,44,26,
26,ST_MakeLine,G1+G5,constructor,,2515,91.6,1104,0.91,1005,1660,0.91,1511,4192,0.84,3521,613,,1321,91.6,49,47,
27,ST_Snap,G3,editor,,2494,91.2,7696,0.11,847,4336,0.38,1648,,,,119,,1897,94.3,10,26,yes
28,ST_Within,G2,relationship,yes,2461,90.9,1704,0.91,1551,1034,0.88,910,,,,601,,1457,92.2,43,70,
29,ST_IsValid,G3,validation,yes,2380,90.5,1520,0.84,1277,1226,0.9,1103,,,,218,,1355,91.9,44,56,
30,ST_SRID,G6,srs,,2377,90.2,1164,0.73,850,1660,0.92,1527,,,,,,1302,91.2,42,49,
31,ST_StartPoint,G1,accessor,yes,2150,89.9,836,0.9,752,1456,0.96,1398,10656,0.88,9377,,,859,88.5,40,36,
32,GeometryType,G1,accessor,yes,2123,89.5,2424,0.47,1139,2460,0.4,984,95360,0.48,45773,576,,906,89.2,13,24,
33,ST_MakeEnvelope,G1,constructor,,2121,89.2,964,0.89,858,1316,0.96,1263,7712,0.94,7249,242,,679,86.5,39,23,
34,ST_GeomFromGeoJSON,G4,input,,2060,88.9,802,0.88,706,1368,0.99,1354,,,,,,434,77.4,32,13,
35,ST_Project,G1,editor,,1794,88.5,3512,0.19,667,1976,0.57,1126,371712,0.0,0,57,,940,89.9,11,28,yes
36,ST_M,G1,accessor,yes,1725,88.2,395264,0.0,0,86272,0.02,1725,22806528,0.0,0,21,,863,88.9,0,1,yes
37,ST_Envelope,G1,accessor,,1680,87.8,930,0.84,781,936,0.96,899,39616,0.83,32881,,,858,88.2,47,45,
38,ST_Equals,G2,relationship,yes,1669,87.5,850,0.56,476,1356,0.88,1193,,,,189,,667,85.8,37,26,
39,ST_IsEmpty,G1,accessor,yes,1667,87.2,740,0.85,629,1180,0.88,1038,9040,0.8,7232,,,821,87.5,36,47,
40,ST_MakeValid,G3,validation,,1615,86.8,766,0.95,728,944,0.94,887,,,,,,810,87.2,33,59,
41,ST_XMin,G1,bbox,yes,1569,86.5,554,0.89,493,1182,0.91,1076,2740,0.92,2521,,,623,84.1,42,33,
42,ST_CollectionExtract,G1,editor,,1546,86.1,856,0.94,805,950,0.78,741,525,0.95,499,114,,746,86.8,45,38,
43,ST_YMin,G1,bbox,yes,1475,85.8,470,0.89,418,1112,0.95,1056,2160,0.96,2074,,,591,83.1,43,35,
44,ST_XMax,G1,bbox,yes,1417,85.5,484,0.89,431,1038,0.95,986,1944,0.95,1847,95,,535,81.1,42,32,
45,ST_Difference,G3,overlay,,1409,85.1,880,0.75,660,842,0.89,749,,,,390,,927,89.5,46,62,
46,ST_YMax,G1,bbox,yes,1373,84.8,471,0.89,419,1004,0.95,954,1884,0.96,1809,97,,524,80.7,41,33,
47,ST_NPoints,G1,accessor,yes,1321,84.5,518,0.71,368,1036,0.92,953,34368,0.91,31275,117,,834,87.8,45,58,
48,ST_Simplify,G2,processing,yes,1260,84.1,700,0.81,567,950,0.73,694,32448,0.99,32124,,,674,86.1,38,43,
49,ST_PointOnSurface,G3,processing,yes,1196,83.8,581,0.93,540,820,0.8,656,,,,119,,659,85.5,57,40,
50,ST_LineMerge,G3,processing,yes,1165,83.4,420,0.93,391,860,0.9,774,,,,,,651,84.5,65,44,
51,ST_MakePolygon,G1,constructor,,1102,83.1,435,0.9,392,772,0.92,710,2656,0.86,2284,,,652,84.8,47,58,
52,ST_LineLocatePoint,G2,lrs,,1094,82.8,280,0.86,241,880,0.97,854,3032,0.78,2365,,,489,79.4,52,39,
53,ST_GeogFromText,G4,input,,1058,82.4,764,0.97,741,412,0.77,317,,,,,,506,80.4,35,58,
54,ST_Translate,G1,transformation,,966,82.1,383,0.63,241,824,0.88,725,72448,0.29,21010,,,574,82.4,25,58,
55,ST_PointN,G1,accessor,,960,81.8,347,0.68,236,762,0.95,724,7904,0.81,6402,,,575,82.8,34,60,
56,ST_Force2D,G1,editor,,948,81.4,498,0.89,443,549,0.92,505,12608,0.97,12230,71,,433,77.0,34,48,
57,ST_LineInterpolatePoint,G1,lrs,,945,81.1,373,0.91,339,658,0.92,605,7280,0.73,5314,110,,312,73.6,29,31,
58,ST_DumpPoints,G5,accessor,,926,80.7,428,0.81,347,644,0.9,580,,,,299,,504,79.7,47,47,
59,ST_Split,G3,overlay,,923,80.4,912,0.56,511,644,0.64,412,,,,,,657,85.1,36,51,
60,ST_GeometryN,G1,accessor,,919,80.1,455,0.62,282,692,0.92,637,5280,0.77,4066,,,505,80.1,41,46,
61,ST_Reverse,G1,editor,,916,79.7,340,0.72,245,780,0.86,671,212992,0.13,27689,41,,428,76.7,41,37,
62,ST_Extent,G5,bbox,yes,901,79.4,413,0.96,396,531,0.95,504,,,,109,,255,72.0,45,13,
63,ST_Azimuth,G2,measure,,880,79.1,328,0.94,308,602,0.95,572,6672,0.52,3469,,,392,75.7,37,45,
64,ST_Boundary,G1,accessor,,832,78.7,582,0.62,361,683,0.69,471,151040,0.16,24166,,,592,83.4,36,56,
65,ST_ConvexHull,G2,processing,yes,830,78.4,542,0.76,412,480,0.87,418,19168,0.81,15526,,,606,83.8,56,63,
66,ST_ExteriorRing,G1,accessor,,824,78.0,535,0.83,444,404,0.94,380,7408,0.76,5630,199,,447,78.4,39,59,
67,ST_AsMVT,G5,output,,807,77.7,193,0.89,172,655,0.97,635,,,,,,471,79.1,30,63,
68,ST_AsMVTGeom,G3,output,,804,77.4,182,0.94,171,639,0.99,633,,,,69,,148,64.2,25,16,
69,ST_SnapToGrid,G1,editor,,795,77.0,696,0.38,264,663,0.8,530,3208,0.87,2791,,,545,81.4,23,58,
70,ST_ClosestPoint,G1,measure,,747,76.7,340,0.93,316,479,0.9,431,2808,0.81,2274,215,,388,75.3,45,49,
71,ST_Touches,G2,relationship,yes,738,76.4,606,0.77,467,367,0.74,272,,,,,,572,81.8,66,47,
72,ST_Covers,G2,relationship,yes,727,76.0,407,0.64,260,848,0.55,466,31360,0.66,20698,57,,573,82.1,49,44,
73,ST_NumPoints,G1,accessor,yes,718,75.7,405,0.76,308,483,0.85,411,7968,0.48,3825,,,443,78.0,51,49,
74,ST_NumGeometries,G1,accessor,,668,75.3,466,0.67,312,419,0.85,356,7472,0.68,5081,,,414,76.4,42,52,
75,ST_TileEnvelope,G1,constructor,,662,75.0,156,0.99,154,577,0.88,508,392,0.89,349,38,,377,75.0,31,57,
76,ST_SimplifyPreserveTopology,G3,processing,yes,648,74.7,348,0.94,327,382,0.84,321,,,,59,,454,78.7,57,67,
77,ST_NDims,G1,accessor,yes,637,74.3,385,0.78,300,396,0.85,337,607,0.65,395,,,364,74.7,40,53,
78,ST_Rotate,G1,transformation,,626,74.0,1008,0.26,262,578,0.63,364,82816,0.03,2484,43,,364,74.3,16,35,yes
79,ST_Perimeter,G2,measure,,625,73.6,445,0.94,418,313,0.66,207,18272,0.63,11511,23,,273,72.3,31,43,
80,ST_Expand,G1,bbox,,606,73.3,350,0.85,298,385,0.8,308,205824,0.26,53514,115,,308,73.3,44,40,
81,ST_Dimension,G1,accessor,,604,73.0,575,0.41,236,646,0.57,368,171121,0.04,6845,,,440,77.7,26,45,
82,ST_LineSubstring,G1,lrs,,549,72.6,195,0.75,146,428,0.94,402,2880,0.73,2102,82,,294,73.0,50,46,
83,ST_DistanceSphere,G2,measure,,534,72.3,246,0.93,229,325,0.94,306,502,0.89,447,,,342,74.0,52,66,
84,ST_Node,G3,overlay,,488,72.0,2072,0.17,352,1234,0.11,136,,,,49,,401,76.0,14,9,yes
85,ST_AsEWKT,G4,output,,462,71.6,1304,0.16,209,507,0.5,254,,,,,,246,70.6,8,28,yes
86,ST_GeomFromEWKT,G4,input,,445,71.3,487,0.66,321,217,0.57,124,,,,,,130,62.5,11,35,
87,ST_UnaryUnion,G3,overlay,,442,70.9,171,0.67,115,431,0.76,328,,,,,,275,72.6,45,46,
88,ST_GeomFromWKB,G4,input,yes,415,70.6,432,0.83,359,123,0.46,57,,,,,,251,71.3,49,32,
89,ST_PointFromText,G4,input,,394,70.3,339,0.96,325,125,0.55,69,,,,,,237,69.6,60,27,
90,ST_DumpRings,G5,accessor,,385,69.9,110,0.58,64,446,0.72,321,,,,,,251,71.6,34,48,
91,ST_AsBinary,G4,output,yes,368,69.6,432,0.45,194,446,0.39,174,,,,115,,192,67.6,27,17,
92,ST_ClusterDBSCAN,G5,cluster,,360,69.3,237,0.86,204,200,0.78,156,,,,,,207,68.6,46,49,
93,ST_SetPoint,G1,editor,,353,68.9,141,0.22,31,424,0.76,322,3144,0.35,1100,,,107,60.5,13,21,
94,ST_Force3D,G1,editor,,353,68.6,248,0.86,213,205,0.68,139,12192,0.88,10729,,,160,64.9,30,42,
95,ST_GeometryFromText,G4,input,yes,342,68.2,182,0.86,157,224,0.83,186,,,,,,209,68.9,68,38,
96,ST_AddPoint,G1,editor,,341,67.9,146,0.81,118,348,0.64,223,179,0.63,113,,,240,70.3,64,42,
97,ST_Summary,G1,accessor,,313,67.6,3688,0.04,148,2064,0.08,165,318464,0.0,0,5,,251,70.9,4,5,yes
98,ST_IsClosed,G1,accessor,yes,309,67.2,249,0.72,179,173,0.75,130,7440,0.47,3497,,,191,67.2,46,44,
99,ST_Overlaps,G2,relationship,yes,291,66.9,219,0.61,134,302,0.52,157,,,,122,,212,69.3,47,36,
100,ST_Relate,G2,relationship,,287,66.6,657,0.16,105,520,0.35,182,,,,,,238,69.9,14,28,yes
101,ST_Polygon,G1,constructor,,286,66.2,1034,0.18,186,836,0.12,100,50176,0.11,5519,199,,104,60.1,6,5,yes
102,ST_GeoHash,G4,output,yes,283,65.9,214,0.83,178,229,0.46,105,,,,31,,180,66.6,49,33,
103,ST_Crosses,G2,relationship,yes,274,65.5,186,0.6,112,377,0.43,162,,,,,,178,66.2,43,26,
104,ST_CurveToLine,G1,editor,,272,65.2,303,0.6,182,181,0.5,90,173,0.81,140,38,yes,114,61.5,19,31,
105,ST_Subdivide,G5,overlay,,272,64.9,216,0.83,179,131,0.71,93,,,,,,142,63.9,38,46,
106,ST_Polygonize,G3+G5,processing,,272,64.5,158,0.61,96,475,0.37,176,,,,,,190,66.9,39,27,
107,Box2D,G6,bbox,yes,271,64.2,521,0.2,104,504,0.33,166,,,,78,,108,60.8,10,11,yes
108,ST_BuildArea,G3,processing,,262,63.9,138,0.43,59,431,0.47,203,,,,,,201,68.2,33,36,
109,ST_CoveredBy,G2,relationship,yes,244,63.5,200,0.78,156,260,0.34,88,11520,0.54,6221,,,125,61.8,38,19,
110,ST_MakeBox2D,G1,bbox,yes,233,63.2,150,0.6,90,235,0.61,143,186,0.93,173,,,128,62.2,29,36,
111,ST_AsEWKB,G4,output,,232,62.8,322,0.45,145,190,0.46,87,,,,38,,131,62.8,19,37,
112,ST_ReducePrecision,G3,processing,,232,62.5,70,0.61,43,274,0.69,189,,,,,,64,55.4,20,16,
113,ST_GeogFromWKB,G4,input,,228,62.2,226,0.97,219,81,0.11,9,,,,7,,51,54.1,19,8,
114,ST_GeographyFromText,G4,input,,227,61.8,190,0.8,152,183,0.41,75,,,,,,199,67.9,73,33,
115,ST_RemoveRepeatedPoints,G1,editor,,217,61.5,140,0.67,94,361,0.34,123,142,0.73,104,16,,136,63.2,20,30,
116,ST_Points,G1,accessor,,216,61.1,1330,0.11,146,1002,0.07,70,129024,0.0,0,49,,170,65.2,9,5,yes
117,ST_IsSimple,G3,accessor,,214,60.8,232,0.27,63,370,0.41,152,,,,21,,175,65.9,23,33,yes
118,ST_SymDifference,G3,overlay,,204,60.5,165,0.59,97,483,0.22,106,,,,35,,171,65.5,54,17,yes
119,ST_ShortestLine,G1,measure,,199,60.1,200,0.78,156,107,0.4,43,138,0.6,83,,,160,64.5,69,21,
120,ST_3DMakeBox,G1,bbox,yes,191,59.8,123,0.51,63,156,0.82,128,113,0.56,63,,,36,47.6,19,8,
121,ST_Segmentize,G1,editor,,179,59.5,149,0.73,109,218,0.32,70,982,0.85,835,135,,108,61.1,33,27,
122,ST_AsX3D,G4,output,,177,59.1,182,0.95,173,102,0.04,4,,,,5,yes,11,29.4,4,4,
123,ST_Scale,G1,transformation,,176,58.8,369,0.17,63,354,0.32,113,317952,0.0,0,29,,140,63.5,14,25,yes
124,ST_Length2D,G2,measure,yes,158,58.4,183,0.75,137,109,0.19,21,134,0.45,60,2,,13,31.4,4,5,
125,ST_NumInteriorRings,G1,accessor,yes,146,58.1,155,0.43,67,168,0.47,79,5040,0.3,1512,,,102,59.8,27,36,
126,ST_IsValidReason,G3,validation,yes,142,57.8,134,0.45,60,190,0.43,82,,,,49,,101,59.5,33,30,
127,ST_ConcaveHull,G3,processing,,137,57.4,176,0.51,90,111,0.43,48,,,,104,,87,58.4,33,26,
128,ST_OffsetCurve,G3,processing,,135,57.1,129,0.29,37,213,0.46,98,,,,,,77,57.4,23,22,
129,ST_PolygonFromText,G4,input,,131,56.8,184,0.62,114,92,0.18,17,,,,,,100,59.1,47,14,
130,ST_IsValidDetail,G3,validation,,126,56.4,170,0.69,117,99,0.09,9,,,,,,24,41.6,9,9,
131,ST_ForceRHR,G1,editor,,122,56.1,128,0.3,38,322,0.26,84,2080,0.44,915,,,78,57.8,13,19,yes
132,ST_Disjoint,G2,relationship,yes,116,55.7,204,0.37,75,167,0.24,40,,,,49,,82,58.1,27,16,
133,ST_LineFromText,G4,input,,112,55.4,159,0.66,105,84,0.08,7,,,,7,,96,58.8,56,7,
134,ST_MLineFromText,G4,input,,107,55.1,195,0.48,94,104,0.13,14,,,,,,67,56.1,28,12,
135,ST_EstimatedExtent,—,bbox,,106,54.7,132,0.13,17,167,0.53,89,,,,,,43,51.0,11,17,
136,ST_InteriorRingN,G1,accessor,,104,54.4,172,0.36,62,126,0.33,42,5056,0.27,1365,10,,69,56.8,23,23,
137,ST_OrderingEquals,G1,relationship,,102,54.1,165,0.06,10,298,0.31,92,242,0.95,230,,,26,43.2,5,6,
138,ST_IsPolygonCW,G1,accessor,,101,53.7,33,0.0,0,149,0.68,101,106,0.49,52,,,3,13.9,0,2,
139,ST_GeomFromEWKB,G4,input,,96,53.4,131,0.25,33,124,0.51,63,,,,21,,44,51.4,15,20,
140,ST_VoronoiPolygons,G3,processing,,94,53.0,74,0.53,39,87,0.63,55,,,,,,53,54.7,30,23,
141,ST_ZMin,G1,bbox,yes,92,52.7,124,0.42,52,108,0.37,40,259,0.75,194,,,53,54.4,18,28,
142,ST_ZMax,G1,bbox,yes,90,52.4,124,0.42,52,107,0.35,37,291,0.71,207,9,,50,53.7,19,25,
143,ST_MPolyFromText,G4,input,,87,52.0,135,0.59,80,84,0.08,7,,,,,,70,57.1,49,4,
144,ST_GeneratePoints,G1,processing,,86,51.7,83,0.58,48,103,0.37,38,157,0.86,135,30,,66,55.7,33,32,
145,ST_AddMeasure,G1,lrs,,85,51.4,95,0.18,17,211,0.32,68,136,0.46,63,14,,45,51.7,11,16,
146,ST_PointFromWKB,G4,input,,80,51.0,133,0.57,76,81,0.05,4,,,,4,,33,46.6,22,4,
147,ST_IsRing,G3,accessor,,75,50.7,131,0.13,17,193,0.3,58,,,,,,30,44.9,11,8,
148,ST_ClusterWithin,G5,cluster,,72,50.3,95,0.64,61,58,0.19,11,,,,,,34,47.0,25,9,
149,ST_HasArc,G1,accessor,,71,50.0,119,0.55,65,81,0.07,6,135,0.41,55,3,yes,68,56.4,53,5,
150,ST_LineFromMultiPoint,G1,constructor,,70,49.7,132,0.42,55,90,0.17,15,133,0.47,63,,,59,55.1,37,10,
151,ST_LocateAlong,G1,lrs,,70,49.3,117,0.22,26,152,0.29,44,121,0.6,73,,,25,42.2,7,11,
152,ST_AsGML,G4,output,,68,49.0,161,0.06,10,415,0.14,58,,,,,,47,52.4,6,9,yes
153,ST_Normalize,G3,editor,,66,48.6,341,0.12,41,316,0.08,25,,,,,,26,43.6,4,4,yes
154,ST_MPointFromText,G4,input,,65,48.3,153,0.4,61,81,0.05,4,,,,1,,30,45.6,17,4,
155,ST_SquareGrid,G5,constructor,,64,48.0,60,0.73,44,85,0.24,20,,,,24,,49,53.2,36,13,
156,ST_RemovePoint,G1,editor,,62,47.6,128,0.09,12,154,0.33,51,137,0.43,59,,,37,48.0,7,18,
157,Box3D,G6,bbox,yes,62,47.3,361,0.09,32,373,0.08,30,,,,,,48,52.7,8,5,yes
158,ST_DumpSegments,G5,accessor,,62,47.0,40,0.57,23,69,0.57,39,,,,9,,30,45.3,13,17,
159,ST_AsKML,G4,output,,61,46.6,145,0.27,39,137,0.16,22,,,,,,47,52.0,18,15,
160,ST_FlipCoordinates,G1,editor,,60,46.3,106,0.49,52,68,0.12,8,184,0.89,164,,,41,50.0,32,7,
161,ST_MaxDistance,G1,measure,,60,45.9,133,0.29,39,97,0.22,21,2632,0.32,842,24,,42,50.3,21,14,
162,ST_SimplifyVW,G2,processing,yes,58,45.4,68,0.51,35,59,0.39,23,127,0.56,71,9,,42,50.7,22,20,
163,ST_HexagonGrid,G5,constructor,,58,45.4,42,0.69,29,72,0.4,29,,,,,,39,49.3,24,15,
164,ST_ForceCollection,G1,editor,,58,44.9,113,0.14,16,127,0.33,42,122,0.61,74,,,18,37.5,8,7,
165,ST_ClusterKMeans,G5,cluster,,56,44.6,82,0.38,31,65,0.38,25,,,,32,,49,53.2,28,21,
166,ST_ContainsProperly,G2,relationship,,55,44.3,151,0.15,23,232,0.14,32,10432,0.27,2817,9,,38,49.0,10,10,yes
167,ST_CoordDim,G1,accessor,yes,55,43.9,129,0.26,34,98,0.21,21,137,0.56,77,,,35,47.3,16,14,
168,ST_MinimumBoundingCircle,G1,processing,,53,43.6,134,0.2,27,129,0.2,26,10400,0.33,3432,19,,41,49.7,18,13,
169,ST_AsSVG,G4,output,,52,43.2,127,0.24,30,128,0.17,22,,,,13,,28,43.9,11,11,
170,ST_HausdorffDistance,G2,measure,,52,42.9,122,0.32,39,107,0.12,13,7168,0.38,2724,39,,37,48.6,20,12,
171,ST_Affine,G1,transformation,,51,42.6,107,0.19,20,110,0.28,31,6294,0.12,755,,,37,48.3,11,23,
172,ST_OrientedEnvelope,G2,processing,yes,50,42.2,41,0.27,11,81,0.48,39,133,0.66,88,26,,23,40.9,8,15,
173,ST_LocateBetween,G1,lrs,,50,41.9,143,0.06,9,196,0.21,41,123,0.46,57,10,,29,44.6,5,11,
174,ST_3DDistance,G1,measure,,45,41.6,116,0.27,31,100,0.14,14,136,0.66,90,,,28,44.3,13,13,
175,ST_CollectionHomogenize,G1,editor,,43,41.2,121,0.26,31,83,0.14,12,124,0.58,72,,,25,42.6,14,8,
176,ST_AsLatLonText,G4,output,,41,40.9,100,0.13,13,102,0.27,28,,,,13,,21,39.2,11,10,
177,ST_Force3DZ,G1,editor,,40,40.5,157,0.14,22,122,0.15,18,135,0.53,72,,,33,46.3,11,13,
178,ST_3DLength,G1,measure,,40,40.2,113,0.17,19,103,0.2,21,131,0.6,79,3,,25,41.9,11,12,
179,ST_GeomCollFromText,G4,input,,39,39.9,120,0.31,37,107,0.02,2,,,,1,,21,39.5,16,2,
180,ST_AsTWKB,G4,output,,37,39.5,31,0.06,2,104,0.34,35,,,,9,,13,32.4,2,11,
181,ST_ChaikinSmoothing,G1,processing,,35,39.2,48,0.42,20,48,0.31,15,108,0.49,53,5,,14,32.9,7,7,
182,ST_NRings,G1,accessor,,34,38.9,144,0.12,17,130,0.13,17,136,0.51,69,,,30,45.9,11,11,
183,ST_MaximumInscribedCircle,G3,processing,,34,38.5,46,0.54,25,40,0.23,9,,,,9,,18,38.0,11,7,
184,ST_DelaunayTriangles,G3,processing,,32,38.2,127,0.19,24,60,0.13,8,,,,,,23,41.2,12,8,
185,ST_ForcePolygonCW,G1,editor,,32,37.8,63,0.46,29,39,0.08,3,121,0.58,70,4,,9,25.0,6,3,
186,ST_3DDWithin,G1,relationship,,30,37.5,132,0.15,20,66,0.15,10,135,0.57,77,15,,22,39.9,11,7,
187,ST_WKTToSQL,G4,input,yes,28,37.2,82,0.27,22,82,0.07,6,,,,,,10,26.9,4,6,
188,ST_MakePointM,G1,constructor,yes,27,36.8,114,0.05,6,127,0.17,22,133,0.48,64,8,,17,37.2,4,10,
189,ST_LineInterpolatePoints,G1,lrs,,27,36.5,54,0.28,15,45,0.27,12,4752,0.25,1188,,,25,42.9,13,12,
190,ST_MinimumBoundingRadius,G1,processing,,25,36.0,53,0.36,19,53,0.11,6,116,0.54,63,,,15,34.6,11,4,
191,ST_LineFromWKB,G4,input,,25,36.0,86,0.26,22,80,0.04,3,,,,,,20,38.9,17,3,
192,ST_IsCollection,G1,accessor,,25,35.5,128,0.13,17,64,0.12,8,2608,0.27,704,1,,16,35.5,9,4,
193,ST_RotateX,G1,transformation,,24,35.1,147,0.05,7,93,0.18,17,137,0.41,56,,,12,30.1,4,6,
194,ST_3DIntersects,G1,relationship,,24,34.8,82,0.16,13,74,0.15,11,130,0.54,70,,,22,40.2,12,10,
195,ST_NumInteriorRing,G1,accessor,yes,24,34.5,171,0.09,15,171,0.05,9,5040,0.17,857,9,,22,40.5,8,5,
196,ST_ShiftLongitude,G1,editor,,23,34.1,25,0.2,5,75,0.24,18,136,0.49,67,9,,14,32.9,4,10,
197,ST_ClusterIntersecting,G5,cluster,,22,33.8,52,0.25,13,57,0.16,9,,,,23,,17,36.8,11,6,
198,ST_Angle,G1,measure,,22,33.4,129,0.09,12,66,0.15,10,82560,0.01,826,,,15,33.8,6,7,
199,ST_DistanceSpheroid,G2,measure,,21,32.9,33,0.36,12,64,0.14,9,311,0.76,236,10,,16,36.1,10,6,
200,ST_LengthSpheroid,G2,measure,,21,32.9,50,0.24,12,60,0.15,9,156,0.78,122,,,10,26.9,7,3,
201,ST_ClipByBox2D,G3,overlay,,19,32.1,41,0.2,8,48,0.23,11,,,,,,10,26.9,5,5,
202,ST_LinestringFromWKB,G4,input,,19,32.1,98,0.16,16,79,0.04,3,,,,0,,10,26.9,7,3,
203,ST_3DExtent,G5,bbox,,19,32.1,91,0.08,7,70,0.17,12,,,,,,18,38.0,7,11,
204,ST_LineToCurve,G1,editor,,19,31.4,161,0.09,14,108,0.04,4,119,0.44,52,8,yes,19,38.5,9,4,
205,ST_LongestLine,G1,measure,,18,31.1,157,0.09,14,94,0.04,4,138,0.45,62,,,16,35.8,8,3,
206,ST_WKBToSQL,G4,input,yes,18,30.7,80,0.15,12,82,0.07,6,,,,1,,9,25.0,3,6,
207,ST_MemSize,—,accessor,,18,30.4,107,0.11,12,82,0.07,6,,,,1,yes,17,36.5,10,6,
208,ST_Force4D,G1,editor,,18,30.1,149,0.06,9,110,0.08,9,120,0.57,68,8,,15,34.1,4,8,
209,ST_InterpolatePoint,G1,lrs,,17,29.7,105,0.04,4,70,0.19,13,110,0.47,52,,,8,23.3,2,6,
210,ST_ForcePolygonCCW,G1,editor,,17,29.4,39,0.1,4,52,0.25,13,133,0.6,80,,,12,30.6,3,9,
211,ST_BoundingDiagonal,G1,accessor,,17,29.1,39,0.1,4,157,0.08,13,114,0.54,62,3,,12,29.7,4,5,
212,ST_TransScale,G1,transformation,,16,28.7,124,0.09,11,82,0.06,5,145,0.71,103,2,,11,29.1,5,5,
213,ST_GeomFromGeoHash,G4,input,,16,28.4,127,0.04,5,59,0.19,11,,,,15,,14,33.4,4,9,
214,ST_GeometricMedian,G1,processing,,16,27.7,49,0.22,11,38,0.13,5,115,0.51,59,,,13,31.9,8,5,
215,ST_LineFromEncodedPolyline,G4,input,,16,27.7,37,0.27,10,52,0.12,6,,,,,,12,30.6,6,6,
216,ST_PointFromGeoHash,G4,input,yes,16,27.7,86,0.16,14,50,0.04,2,,,,4,,15,34.6,13,2,
217,ST_RelateMatch,G2,relationship,,16,27.0,83,0.05,4,289,0.04,12,,,,1,,13,31.1,4,3,yes
218,ST_RotateZ,G1,transformation,,15,26.7,143,0.03,4,99,0.11,11,138,0.31,43,,,15,35.1,3,11,
219,ST_3DLineInterpolatePoint,G1,lrs,,15,26.0,22,0.05,1,43,0.33,14,101,0.45,45,,,2,12.2,1,1,
220,ST_FrechetDistance,G2,measure,,15,26.0,45,0.2,9,41,0.15,6,4752,0.19,903,,,9,25.0,6,3,
221,ST_WrapX,G3,editor,,15,26.0,21,0.14,3,59,0.2,12,,,,,,13,31.9,3,10,
222,ST_IsPolygonCCW,G1,accessor,,14,25.3,34,0.03,1,148,0.09,13,108,0.51,55,1,,5,19.6,1,3,
223,ST_ForceCurve,G1,editor,,14,25.0,41,0.2,8,39,0.15,6,147,0.55,81,1,yes,10,26.9,6,4,
224,ST_Force3DM,G1,editor,,14,24.7,150,0.07,11,104,0.03,3,128,0.5,64,6,,9,25.7,4,3,
225,ST_Zmflag,G1,accessor,,14,24.3,106,0.0,0,113,0.12,14,137,0.48,66,1,,10,28.0,0,9,
226,ST_GeomFromGML,G4,input,,13,24.0,119,0.08,10,107,0.03,3,,,,17,yes,10,28.4,6,3,
227,ST_RotateY,G1,transformation,,12,23.6,122,0.06,7,81,0.06,5,136,0.37,50,3,,11,28.7,5,5,
228,ST_LocateBetweenElevations,G1,lrs,,12,23.3,102,0.01,1,85,0.13,11,119,0.44,52,,,6,20.9,1,5,
229,ST_QuantizeCoordinates,G1,editor,,12,22.8,34,0.18,6,39,0.15,6,112,0.53,59,,,5,18.8,2,3,
230,ST_MemUnion,G5,overlay,,12,22.8,70,0.1,7,86,0.06,5,,,,10,,8,23.0,3,5,
231,ST_PointZ,G1,constructor,yes,10,22.1,31,0.16,5,34,0.15,5,34,0.32,11,2,,7,21.8,3,4,
232,ST_DistanceCPA,G1,trajectory,,10,22.1,43,0.21,9,61,0.02,1,98,0.46,45,,,10,26.9,9,1,
233,ST_3DClosestPoint,G1,measure,,9,21.6,103,0.08,8,73,0.01,1,112,0.54,60,12,,8,23.6,7,1,
234,ST_CoverageSimplify,G5,coverage,,9,21.3,18,0.28,5,16,0.25,4,,,,,,7,21.8,3,4,
235,ST_GeomFromKML,G4,input,,9,20.9,113,0.04,5,92,0.04,4,,,,13,yes,9,24.3,4,4,
236,ST_AsHEXEWKB,G4,output,,8,20.6,167,0.03,5,113,0.03,3,,,,1,,8,24.0,3,3,
237,ST_LineCrossingDirection,G1,relationship,,8,20.3,108,0.02,2,121,0.05,6,115,0.44,51,3,,7,22.6,1,5,
238,ST_LineExtend,G1,editor,,8,19.8,13,0.31,4,16,0.25,4,1,0.0,0,,,4,15.9,3,1,
239,ST_ClusterIntersectingWin,G5,cluster,,8,19.8,14,0.36,5,13,0.23,3,,,,,,4,15.9,2,2,
240,ST_3DMaxDistance,G1,measure,,7,19.3,101,0.07,7,56,0.0,0,102,0.47,48,5,,7,22.3,7,0,
241,ST_Hexagon,G1,constructor,,7,18.9,44,0.02,1,74,0.08,6,1368,0.0,0,2,,5,18.8,1,4,
242,ST_3DShortestLine,G1,measure,,7,18.6,124,0.03,4,88,0.03,3,105,0.47,49,5,,7,21.3,3,3,
243,ST_GeomFromTWKB,G4,input,,6,18.1,24,0.0,0,53,0.11,6,,,,2,,6,20.6,0,6,
244,ST_AsEncodedPolyline,G4,output,,6,18.1,30,0.1,3,49,0.06,3,,,,,,5,18.8,3,2,
245,ST_BdPolyFromText,G3,input,,6,17.6,139,0.02,3,79,0.04,3,,,,,,6,20.3,2,3,
246,ST_SharedPaths,G3,processing,,6,17.2,117,0.04,5,58,0.02,1,,,,2,,6,19.9,4,1,
247,ST_3DDFullyWithin,G1,relationship,,5,16.7,93,0.05,5,56,0.0,0,101,0.47,47,,,5,18.8,5,0,
248,ST_TransformPipeline,G3,srs,,5,16.7,12,0.25,3,13,0.15,2,,,,,,4,15.9,2,2,
249,ST_DFullyWithin,G3,relationship,,5,16.2,123,0.01,1,170,0.02,3,,,,4,,5,17.9,1,2,
250,ST_Perimeter2D,G2,measure,,4,15.9,149,0.01,1,78,0.04,3,388,0.52,202,,,4,17.6,1,3,
251,ST_BdMPolyFromText,G3,input,,4,15.5,138,0.01,1,79,0.04,3,,,,0,,4,17.2,1,3,
252,ST_RemoveIrrelevantPointsForView,G1,editor,,4,14.2,8,0.0,0,15,0.27,4,0,0.0,0,0,,4,15.9,0,4,
253,ST_3DLongestLine,G1,measure,,4,14.2,98,0.04,4,56,0.0,0,104,0.46,48,,,4,15.9,4,0,
254,ST_SetEffectiveArea,G1,processing,,4,14.2,19,0.0,0,46,0.09,4,102,0.44,45,1,,4,15.9,0,4,
255,ST_VoronoiLines,G3,processing,,4,14.2,36,0.11,4,32,0.0,0,,,,0,,3,14.4,3,0,
256,ST_Box2dFromGeoHash,G4,input,yes,4,14.2,97,0.03,3,49,0.02,1,,,,1,,4,15.9,3,1,
257,ST_CoverageInvalidEdges,G5,coverage,,4,14.2,11,0.18,2,17,0.12,2,,,,1,,3,14.4,1,2,
258,ST_AsGeobuf,G5,output,,4,14.2,29,0.14,4,33,0.0,0,,,,2,,2,12.2,2,0,
259,ST_HasM,G1,accessor,,3,12.8,8,0.0,0,14,0.21,3,3528,0.11,388,0,,2,12.2,0,2,
260,ST_3DPerimeter,G1,measure,,2,12.5,122,0.02,2,67,0.0,0,109,0.49,53,,,2,13.5,2,0,
261,ST_HasZ,G1,accessor,,2,11.3,4,0.0,0,15,0.13,2,31,0.65,20,,,1,8.6,0,1,
262,ST_SwapOrdinates,G1,editor,,2,11.3,36,0.06,2,33,0.0,0,104,0.46,48,2,,2,12.2,2,0,
263,ST_SimplifyPolygonHull,G3,processing,,2,11.3,16,0.12,2,29,0.0,0,,,,,,2,12.2,2,0,
264,ST_GMLToSQL,G4,input,,2,11.3,81,0.0,0,76,0.03,2,,,,1,yes,2,12.2,0,2,
265,ST_ClusterWithinWin,G5,cluster,,2,11.3,9,0.0,0,13,0.15,2,,,,3,,2,12.2,0,2,
266,ST_CoverageClean,G5,coverage,,2,11.3,2,1.0,2,2,0.0,0,,,,,,1,8.6,1,0,
267,ST_PatchN,G1,accessor,,1,10.1,146,0.01,1,57,0.0,0,693,0.3,208,0,,1,10.8,1,0,
268,ST_NumPatches,G1,accessor,,1,9.8,125,0.01,1,57,0.0,0,109,0.44,48,0,,1,10.5,1,0,
269,ST_CurveN,G1,accessor,,1,8.3,8,0.0,0,12,0.08,1,11,0.0,0,0,,1,8.6,0,1,
270,ST_ForceSFS,G1,editor,,1,8.3,53,0.0,0,49,0.02,1,102,0.44,45,0,yes,1,8.6,0,1,
271,ST_RemoveSmallParts,G1,editor,,1,8.3,9,0.11,1,10,0.0,0,0,0.0,0,,,1,8.6,1,0,
272,ST_ClosestPointOfApproach,G1,trajectory,,1,8.3,34,0.0,0,34,0.03,1,98,0.46,45,,,1,8.6,0,1,
273,ST_IsValidTrajectory,G1,trajectory,,1,8.3,34,0.0,0,34,0.03,1,110,0.52,57,1,,1,8.6,0,1,
274,ST_MinimumClearance,G3,measure,,1,8.3,34,0.03,1,33,0.0,0,,,,2,,1,8.6,1,0,
275,ST_MinimumClearanceLine,G3,measure,,1,8.3,33,0.03,1,33,0.0,0,,,,,,1,8.6,1,0,
276,ST_TriangulatePolygon,G3,processing,,1,8.3,14,0.0,0,28,0.04,1,,,,,,1,8.6,0,1,
277,ST_NumCurves,G1,accessor,,0,3.4,8,0.0,0,11,0.0,0,1,0.0,0,0,,0,3.4,0,0,
278,ST_PointM,G1,constructor,yes,0,3.4,16,0.0,0,29,0.0,0,192,0.06,12,,,0,3.4,0,0,
279,ST_PointZM,G1,constructor,yes,0,3.4,17,0.0,0,29,0.0,0,4,0.75,3,,,0,3.4,0,0,
280,ST_Square,G1,constructor,,0,3.4,135,0.0,0,290,0.0,0,218112,0.0,0,,,0,3.4,0,0,
281,ST_Scroll,G1,editor,,0,3.4,140,0.0,0,49,0.0,0,28416,0.0,0,,,0,3.4,0,0,
282,ST_FilterByM,G1,processing,,0,3.4,28,0.0,0,33,0.0,0,108,0.44,48,,,0,3.4,0,0,
283,ST_PointInsideCircle,G1,relationship,,0,3.4,12,0.0,0,37,0.0,0,101,0.48,48,3,,0,3.4,0,0,
284,ST_CPAWithin,G1,trajectory,,0,3.4,34,0.0,0,33,0.0,0,98,0.46,45,1,,0,3.4,0,0,
285,ST_LargestEmptyCircle,G3,processing,,0,3.4,9,0.0,0,11,0.0,0,,,,0,,0,3.4,0,0,
286,ST_InverseTransformPipeline,G3,srs,,0,3.4,9,0.0,0,11,0.0,0,,,,,,0,3.4,0,0,
287,ST_GeomFromMARC21,G4,input,,0,3.4,17,0.0,0,28,0.0,0,,,,0,yes,0,3.4,0,0,
288,ST_AsMARC21,G4,output,,0,3.4,10,0.0,0,28,0.0,0,,,,0,yes,0,3.4,0,0,
289,ST_CoverageUnion,G5,coverage,,0,3.4,10,0.0,0,11,0.0,0,,,,1,,0,3.4,0,0,
290,ST_FromFlatGeobuf,G5,input,,0,3.4,21,0.0,0,29,0.0,0,,,,,,0,3.4,0,0,
291,ST_FromFlatGeobufToTable,G5,input,,0,3.4,21,0.0,0,29,0.0,0,,,,0,,0,3.4,0,0,
292,ST_AsFlatGeobuf,G5,output,,0,3.4,30,0.0,0,27,0.0,0,,,,,,0,3.4,0,0,
293,postgis_srs,G5,srs,,0,3.4,4,0.0,0,11,0.0,0,,,,0,,0,3.4,0,0,
294,postgis_srs_all,G5,srs,,0,3.4,4,0.0,0,11,0.0,0,,,,,,0,3.4,0,0,
295,postgis_srs_codes,G5,srs,,0,3.4,4,0.0,0,11,0.0,0,,,,0,,0,3.4,0,0,
296,postgis_srs_search,G5,srs,,0,3.4,4,0.0,0,11,0.0,0,,,,,,0,3.4,0,0,
297,ST_Letters,—,constructor,,0,3.4,63,0.0,0,71,0.0,0,,,,0,yes,0,3.4,0,0,
