H6	intersects	points	sep	10000	u_intersectsrelate_aa	e2e	2514759908
H6	intersects	points	sep	10000	e_intersects_aa	e2e	213398877
H6	intersects	points	int	10000	u_intersectsrelate_aa	e2e	2527591341
H6	intersects	points	int	10000	e_intersects_aa	e2e	247112379
H6	intersects	points	wkb	10000	u_intersectsrelate_aa	e2e	2284656665
H6	intersects	points	wkb	10000	e_intersects_aa	e2e	177172377
H6	intersects	poly10	sep	10000	u_intersectsrelate_aa	e2e	2825949551
H6	intersects	poly10	sep	10000	e_intersects_aa	e2e	589028258
H6	intersects	poly10	int	10000	u_intersectsrelate_aa	e2e	2846553026
H6	intersects	poly10	int	10000	e_intersects_aa	e2e	627228679
H6	intersects	poly10	wkb	10000	u_intersectsrelate_aa	e2e	2583527407
H6	intersects	poly10	wkb	10000	e_intersects_aa	e2e	550141523
H6	intersects	poly100	sep	2000	u_intersectsrelate_aa	e2e	1021736029
H6	intersects	poly100	sep	2000	e_intersects_aa	e2e	711731232
H6	intersects	poly100	int	2000	u_intersectsrelate_aa	e2e	1032710037
H6	intersects	poly100	int	2000	e_intersects_aa	e2e	725379066
H6	intersects	poly100	wkb	2000	u_intersectsrelate_aa	e2e	936964442
H6	intersects	poly100	wkb	2000	e_intersects_aa	e2e	695925378
H6	intersects	poly1000	sep	500	u_intersectsrelate_aa	e2e	2214485714
H6	intersects	poly1000	sep	500	e_intersects_aa	e2e	1515596972
H6	intersects	poly1000	int	500	u_intersectsrelate_aa	e2e	2225367923
H6	intersects	poly1000	int	500	e_intersects_aa	e2e	1534302943
H6	intersects	poly1000	wkb	500	u_intersectsrelate_aa	e2e	2100419104
H6	intersects	poly1000	wkb	500	e_intersects_aa	e2e	1490710518
H1	x	points	sep	100000	v_x	e2e	83217051
H1	x	points	sep	100000	v_x	kernel	83081562
H1	x	points	int	100000	v_x	e2e	83963457
H1	x	points	int	100000	v_x	kernel	83831376
H1	npoints	points	sep	100000	v_npoints	e2e	86222097
H1	npoints	points	sep	100000	v_npoints	kernel	86085844
H1	npoints	points	int	100000	v_npoints	e2e	86971836
H1	npoints	points	int	100000	v_npoints	kernel	86835824
H1	npoints	poly10	sep	10000	v_npoints	e2e	21338076
H1	npoints	poly10	sep	10000	v_npoints	kernel	21256770
H1	npoints	poly10	int	10000	v_npoints	e2e	22125240
H1	npoints	poly10	int	10000	v_npoints	kernel	22044808
H1	npoints	poly100	sep	10000	v_npoints	e2e	78924787
H1	npoints	poly100	sep	10000	v_npoints	kernel	78846654
H1	npoints	poly100	int	10000	v_npoints	e2e	85114877
H1	npoints	poly100	int	10000	v_npoints	kernel	85037238
H1	npoints	poly1000	sep	10000	v_npoints	e2e	654927309
H1	npoints	poly1000	sep	10000	v_npoints	kernel	654845956
H1	npoints	poly1000	int	10000	v_npoints	e2e	715109760
H1	npoints	poly1000	int	10000	v_npoints	kernel	715031266
H1	isempty	points	sep	100000	v_isempty	e2e	87020480
H1	isempty	points	sep	100000	v_isempty	kernel	86887767
H1	isempty	points	int	100000	v_isempty	e2e	87773811
H1	isempty	points	int	100000	v_isempty	kernel	87643797
H1	isempty	poly10	sep	10000	v_isempty	e2e	21336582
H1	isempty	poly10	sep	10000	v_isempty	kernel	21256668
H1	isempty	poly10	int	10000	v_isempty	e2e	22123484
H1	isempty	poly10	int	10000	v_isempty	kernel	22042358
H1	isempty	poly100	sep	10000	v_isempty	e2e	78927238
H1	isempty	poly100	sep	10000	v_isempty	kernel	78849057
H1	isempty	poly100	int	10000	v_isempty	e2e	85109994
H1	isempty	poly100	int	10000	v_isempty	kernel	85035723
H1	isempty	poly1000	sep	10000	v_isempty	e2e	654926833
H1	isempty	poly1000	sep	10000	v_isempty	kernel	654847111
H1	isempty	poly1000	int	10000	v_isempty	e2e	715108480
H1	isempty	poly1000	int	10000	v_isempty	kernel	715030131
H1	area	points	sep	100000	v_area	e2e	119825886
H1	area	points	sep	100000	v_area	kernel	119690747
H1	area	points	int	100000	v_area	e2e	120573496
H1	area	points	int	100000	v_area	kernel	120437266
H1	area	poly10	sep	10000	v_area	e2e	44557167
H1	area	poly10	sep	10000	v_area	kernel	44476259
H1	area	poly10	int	10000	v_area	e2e	45345965
H1	area	poly10	int	10000	v_area	kernel	45262253
H1	area	poly100	sep	10000	v_area	e2e	228678326
H1	area	poly100	sep	10000	v_area	kernel	228668578
H1	area	poly100	int	10000	v_area	e2e	235581989
H1	area	poly100	int	10000	v_area	kernel	234763596
H1	area	poly1000	sep	1000	v_area	e2e	202500494
H1	area	poly1000	sep	1000	v_area	kernel	202425681
H1	area	poly1000	int	1000	v_area	e2e	208507229
H1	area	poly1000	int	1000	v_area	kernel	208431171
H1	centroid	points	sep	100000	v_centroid	e2e	135176059
H1	centroid	points	sep	100000	v_centroid	kernel	135021169
H1	centroid	points	int	100000	v_centroid	e2e	135928478
H1	centroid	points	int	100000	v_centroid	kernel	135769639
H1	centroid	poly10	sep	10000	v_centroid	e2e	52847388
H1	centroid	poly10	sep	10000	v_centroid	kernel	52764176
H1	centroid	poly10	int	10000	v_centroid	e2e	53641727
H1	centroid	poly10	int	10000	v_centroid	kernel	53557915
H1	centroid	poly100	sep	10000	v_centroid	e2e	278732213
H1	centroid	poly100	sep	10000	v_centroid	kernel	278472878
H1	centroid	poly100	int	10000	v_centroid	e2e	285073295
H1	centroid	poly100	int	10000	v_centroid	kernel	284960423
H1	centroid	poly1000	sep	1000	v_centroid	e2e	249056076
H1	centroid	poly1000	sep	1000	v_centroid	kernel	248978100
H1	centroid	poly1000	int	1000	v_centroid	e2e	255061954
H1	centroid	poly1000	int	1000	v_centroid	kernel	254986762
H1	intersects	points	sep	100000	v_intersects	e2e	1216299493
H1	intersects	points	sep	100000	v_intersects	kernel	1214071486
H1	intersects	points	int	100000	v_intersects	e2e	1238129831
H1	intersects	points	int	100000	v_intersects	kernel	1236164229
H1	intersects	poly10	sep	10000	v_intersects	e2e	441643584
H1	intersects	poly10	sep	10000	v_intersects	kernel	442727953
H1	intersects	poly10	int	10000	v_intersects	e2e	442999016
H1	intersects	poly10	int	10000	v_intersects	kernel	441164800
H1	intersects	poly100	sep	2000	v_intersects	e2e	529366788
H1	intersects	poly100	sep	2000	v_intersects	kernel	531320822
H1	intersects	poly100	int	2000	v_intersects	e2e	531895366
H1	intersects	poly100	int	2000	v_intersects	kernel	532171285
H1	intersects	poly1000	sep	500	v_intersects	e2e	2038533264
H1	intersects	poly1000	sep	500	v_intersects	kernel	2037104823
H1	intersects	poly1000	int	500	v_intersects	e2e	2040931416
H1	intersects	poly1000	int	500	v_intersects	kernel	2040108605
H1	buffer	points	sep	10000	v_buffer	e2e	1584404010
H1	buffer	points	sep	10000	v_buffer	kernel	1583726071
H1	buffer	points	int	10000	v_buffer	e2e	1585479178
H1	buffer	points	int	10000	v_buffer	kernel	1584743261
H1	buffer	poly10	sep	1000	v_buffer	e2e	256524086
H1	buffer	poly10	sep	1000	v_buffer	kernel	256094284
H1	buffer	poly10	int	1000	v_buffer	e2e	256612986
H1	buffer	poly10	int	1000	v_buffer	kernel	256185648
H1	buffer	poly100	sep	200	v_buffer	e2e	1089852535
H1	buffer	poly100	sep	200	v_buffer	kernel	1089404497
H1	buffer	poly100	int	200	v_buffer	e2e	1089850141
H1	buffer	poly100	int	200	v_buffer	kernel	1089115671
H1	buffer	poly1000	sep	50	v_buffer	e2e	24734725347
H1	buffer	poly1000	sep	50	v_buffer	kernel	24734285949
H1	buffer	poly1000	int	50	v_buffer	e2e	24734762558
H1	buffer	poly1000	int	50	v_buffer	kernel	24734328013
H2	p1	points	sep	100000	h2_p1_v_n	e2e	216207076
H2	p1	points	sep	100000	h2_p1_v_w	e2e	219434136
H2	p1	points	int	100000	h2_p1_v_n	e2e	216957484
H2	p1	points	int	100000	h2_p1_v_w	e2e	218967470
H2	p1	points	wkb	100000	h2_p1_v_n	e2e	201502933
H2	p1	points	wkb	100000	h2_p1_v_w	e2e	204090244
H2	p1	poly10	sep	10000	h2_p1_v_n	e2e	61225492
H2	p1	poly10	sep	10000	h2_p1_v_w	e2e	61629346
H2	p1	poly10	int	10000	h2_p1_v_n	e2e	62015799
H2	p1	poly10	int	10000	h2_p1_v_w	e2e	62409361
H2	p1	poly10	wkb	10000	h2_p1_v_n	e2e	52239551
H2	p1	poly10	wkb	10000	h2_p1_v_w	e2e	52581634
H2	p1	poly100	sep	10000	h2_p1_v_n	e2e	286841655
H2	p1	poly100	sep	10000	h2_p1_v_w	e2e	286805864
H2	p1	poly100	int	10000	h2_p1_v_n	e2e	292892896
H2	p1	poly100	int	10000	h2_p1_v_w	e2e	293151347
H2	p1	poly100	wkb	10000	h2_p1_v_n	e2e	219711314
H2	p1	poly100	wkb	10000	h2_p1_v_w	e2e	221350400
H2	p1	poly1000	sep	1000	h2_p1_v_n	e2e	250164690
H2	p1	poly1000	sep	1000	h2_p1_v_w	e2e	249752921
H2	p1	poly1000	int	1000	h2_p1_v_n	e2e	256177462
H2	p1	poly1000	int	1000	h2_p1_v_w	e2e	255760733
H2	p1	poly1000	wkb	1000	h2_p1_v_n	e2e	185908693
H2	p1	poly1000	wkb	1000	h2_p1_v_w	e2e	185482642
H2	p2	points	sep	100000	h2_p2_v_n	e2e	446147236
H2	p2	points	sep	100000	h2_p2_v_w	e2e	265540449
H2	p2	points	int	100000	h2_p2_v_n	e2e	447160804
H2	p2	points	int	100000	h2_p2_v_w	e2e	265046539
H2	p2	points	wkb	100000	h2_p2_v_n	e2e	428495770
H2	p2	points	wkb	100000	h2_p2_v_w	e2e	250489896
H2	p2	poly10	sep	10000	h2_p2_v_n	e2e	304082257
H2	p2	poly10	sep	10000	h2_p2_v_w	e2e	241550820
H2	p2	poly10	int	10000	h2_p2_v_n	e2e	303334488
H2	p2	poly10	int	10000	h2_p2_v_w	e2e	245245710
H2	p2	poly10	wkb	10000	h2_p2_v_n	e2e	293483439
H2	p2	poly10	wkb	10000	h2_p2_v_w	e2e	234895175
H2	p2	poly100	sep	10000	h2_p2_v_n	e2e	2449990503
H2	p2	poly100	sep	10000	h2_p2_v_w	e2e	2295784529
H2	p2	poly100	int	10000	h2_p2_v_n	e2e	2443777623
H2	p2	poly100	int	10000	h2_p2_v_w	e2e	2289572641
H2	p2	poly100	wkb	10000	h2_p2_v_n	e2e	2366184246
H2	p2	poly100	wkb	10000	h2_p2_v_w	e2e	2222108557
H2	p2	poly1000	sep	1000	h2_p2_v_n	e2e	2999645443
H2	p2	poly1000	sep	1000	h2_p2_v_w	e2e	2952578317
H2	p2	poly1000	int	1000	h2_p2_v_n	e2e	3006283362
H2	p2	poly1000	int	1000	h2_p2_v_w	e2e	2956135406
H2	p2	poly1000	wkb	1000	h2_p2_v_n	e2e	2939382444
H2	p2	poly1000	wkb	1000	h2_p2_v_w	e2e	2886733957
H2	p3	points	sep	100000	h2_p3_v_n	e2e	846155450
H2	p3	points	sep	100000	h2_p3_v_w	e2e	668765552
H2	p3	points	int	100000	h2_p3_v_n	e2e	843579591
H2	p3	points	int	100000	h2_p3_v_w	e2e	668726166
H2	p3	points	wkb	100000	h2_p3_v_n	e2e	827309316
H2	p3	points	wkb	100000	h2_p3_v_w	e2e	647475299
H2	p3	poly10	sep	10000	h2_p3_v_n	e2e	609148160
H2	p3	poly10	sep	10000	h2_p3_v_w	e2e	544991262
H2	p3	poly10	int	10000	h2_p3_v_n	e2e	609891693
H2	p3	poly10	int	10000	h2_p3_v_w	e2e	545776829
H2	p3	poly10	wkb	10000	h2_p3_v_n	e2e	600546574
H2	p3	poly10	wkb	10000	h2_p3_v_w	e2e	535257970
H2	p3	poly100	sep	10000	h2_p3_v_n	e2e	4924673156
H2	p3	poly100	sep	10000	h2_p3_v_w	e2e	4607859122
H2	p3	poly100	int	10000	h2_p3_v_n	e2e	4928338743
H2	p3	poly100	int	10000	h2_p3_v_w	e2e	4614377266
H2	p3	poly100	wkb	10000	h2_p3_v_n	e2e	4858533848
H2	p3	poly100	wkb	10000	h2_p3_v_w	e2e	4541599609
H2	p3	poly1000	sep	1000	h2_p3_v_n	e2e	4810527622
H2	p3	poly1000	sep	1000	h2_p3_v_w	e2e	4514427878
H2	p3	poly1000	int	1000	h2_p3_v_n	e2e	4816538361
H2	p3	poly1000	int	1000	h2_p3_v_w	e2e	4520437708
H2	p3	poly1000	wkb	1000	h2_p3_v_n	e2e	4745818907
H2	p3	poly1000	wkb	1000	h2_p3_v_w	e2e	4449159666
H2	p4	points	sep	10000	h2_p4_v_n	e2e	2495457572
H2	p4	points	sep	10000	h2_p4_v_w	e2e	2306703959
H2	p4	points	int	10000	h2_p4_v_n	e2e	2491799280
H2	p4	points	int	10000	h2_p4_v_w	e2e	2306229712
H2	p4	points	wkb	10000	h2_p4_v_n	e2e	2493950665
H2	p4	points	wkb	10000	h2_p4_v_w	e2e	2303604058
H2	p4	poly10	sep	1000	h2_p4_v_n	e2e	390992031
H2	p4	poly10	sep	1000	h2_p4_v_w	e2e	355478083
H2	p4	poly10	int	1000	h2_p4_v_n	e2e	390803773
H2	p4	poly10	int	1000	h2_p4_v_w	e2e	354579732
H2	p4	poly10	wkb	1000	h2_p4_v_n	e2e	389480293
H2	p4	poly10	wkb	1000	h2_p4_v_w	e2e	354555856
H2	p4	poly100	sep	200	h2_p4_v_n	e2e	1261106994
H2	p4	poly100	sep	200	h2_p4_v_w	e2e	1214202709
H2	p4	poly100	int	200	h2_p4_v_n	e2e	1261185496
H2	p4	poly100	int	200	h2_p4_v_w	e2e	1214668721
H2	p4	poly100	wkb	200	h2_p4_v_n	e2e	1258930809
H2	p4	poly100	wkb	200	h2_p4_v_w	e2e	1212806569
H2	p4	poly1000	sep	50	h2_p4_v_n	e2e	24799572442
H2	p4	poly1000	sep	50	h2_p4_v_w	e2e	24777171765
H2	p4	poly1000	int	50	h2_p4_v_n	e2e	24801111373
H2	p4	poly1000	int	50	h2_p4_v_w	e2e	24777681913
H2	p4	poly1000	wkb	50	h2_p4_v_n	e2e	24796740167
H2	p4	poly1000	wkb	50	h2_p4_v_w	e2e	24774071775
H1	x	points	sep	100000	t_x	e2e	24379666
H1	x	points	sep	100000	t_x	kernel	24242150
H1	x	points	sep	100000	u_x	e2e	128524745
H1	x	points	sep	100000	u_x	kernel	128391445
H1	x	points	int	100000	t_x	e2e	27132220
H1	x	points	int	100000	t_x	kernel	26995506
H1	x	points	int	100000	u_x	e2e	130923763
H1	x	points	int	100000	u_x	kernel	130789083
H1	x	points	wkb	100000	t_x	e2e	69094291
H1	x	points	wkb	100000	t_x	kernel	68958659
H1	x	points	wkb	100000	u_x	e2e	68505820
H1	x	points	wkb	100000	u_x	kernel	68370703
H1	npoints	points	sep	100000	t_npoints	e2e	20981439
H1	npoints	points	sep	100000	t_npoints	kernel	20847696
H1	npoints	points	sep	100000	u_npoints	e2e	131167974
H1	npoints	points	sep	100000	u_npoints	kernel	131033226
H1	npoints	points	int	100000	t_npoints	e2e	22938103
H1	npoints	points	int	100000	t_npoints	kernel	22800425
H1	npoints	points	int	100000	u_npoints	e2e	133987939
H1	npoints	points	int	100000	u_npoints	kernel	133852177
H1	npoints	points	wkb	100000	t_npoints	e2e	72099427
H1	npoints	points	wkb	100000	t_npoints	kernel	71962789
H1	npoints	points	wkb	100000	u_npoints	e2e	71511107
H1	npoints	points	wkb	100000	u_npoints	kernel	71375074
H1	npoints	poly10	sep	10000	t_npoints	e2e	6650305
H1	npoints	poly10	sep	10000	t_npoints	kernel	6569686
H1	npoints	poly10	sep	10000	u_npoints	e2e	47384845
H1	npoints	poly10	sep	10000	u_npoints	kernel	47304028
H1	npoints	poly10	int	10000	t_npoints	e2e	6640767
H1	npoints	poly10	int	10000	t_npoints	kernel	6558915
H1	npoints	poly10	int	10000	u_npoints	e2e	49615290
H1	npoints	poly10	int	10000	u_npoints	kernel	49512992
H1	npoints	poly10	wkb	10000	t_npoints	e2e	12404475
H1	npoints	poly10	wkb	10000	t_npoints	kernel	12324199
H1	npoints	poly10	wkb	10000	u_npoints	e2e	12346240
H1	npoints	poly10	wkb	10000	u_npoints	kernel	12264997
H1	npoints	poly100	sep	10000	t_npoints	e2e	6638625
H1	npoints	poly100	sep	10000	t_npoints	kernel	6557465
H1	npoints	poly100	sep	10000	u_npoints	e2e	233139075
H1	npoints	poly100	sep	10000	u_npoints	kernel	233087132
H1	npoints	poly100	int	10000	t_npoints	e2e	6629701
H1	npoints	poly100	int	10000	t_npoints	kernel	6550526
H1	npoints	poly100	int	10000	u_npoints	e2e	253370761
H1	npoints	poly100	int	10000	u_npoints	kernel	253295986
H1	npoints	poly100	wkb	10000	t_npoints	e2e	12395833
H1	npoints	poly100	wkb	10000	t_npoints	kernel	12318084
H1	npoints	poly100	wkb	10000	u_npoints	e2e	12337860
H1	npoints	poly100	wkb	10000	u_npoints	kernel	12259158
H1	npoints	poly1000	sep	10000	t_npoints	e2e	6638412
H1	npoints	poly1000	sep	10000	t_npoints	kernel	6560458
H1	npoints	poly1000	sep	10000	u_npoints	e2e	2087104175
H1	npoints	poly1000	sep	10000	u_npoints	kernel	2087025905
H1	npoints	poly1000	int	10000	t_npoints	e2e	6626101
H1	npoints	poly1000	int	10000	t_npoints	kernel	6542252
H1	npoints	poly1000	int	10000	u_npoints	e2e	2287325399
H1	npoints	poly1000	int	10000	u_npoints	kernel	2287243879
H1	npoints	poly1000	wkb	10000	t_npoints	e2e	12394839
H1	npoints	poly1000	wkb	10000	t_npoints	kernel	12316868
H1	npoints	poly1000	wkb	10000	u_npoints	e2e	12336266
H1	npoints	poly1000	wkb	10000	u_npoints	kernel	12257348
H1	isempty	points	sep	100000	t_isempty	e2e	22987182
H1	isempty	points	sep	100000	t_isempty	kernel	22850889
H1	isempty	points	sep	100000	u_isempty	e2e	132351055
H1	isempty	points	sep	100000	u_isempty	kernel	132208728
H1	isempty	points	int	100000	t_isempty	e2e	24938122
H1	isempty	points	int	100000	t_isempty	kernel	24804027
H1	isempty	points	int	100000	u_isempty	e2e	134754133
H1	isempty	points	int	100000	u_isempty	kernel	134620006
H1	isempty	points	wkb	100000	t_isempty	e2e	72902795
H1	isempty	points	wkb	100000	t_isempty	kernel	72766350
H1	isempty	points	wkb	100000	u_isempty	e2e	72311034
H1	isempty	points	wkb	100000	u_isempty	kernel	72177722
H1	isempty	poly10	sep	10000	t_isempty	e2e	5892380
H1	isempty	poly10	sep	10000	t_isempty	kernel	5809884
H1	isempty	poly10	sep	10000	u_isempty	e2e	47388055
H1	isempty	poly10	sep	10000	u_isempty	kernel	47301227
H1	isempty	poly10	int	10000	t_isempty	e2e	5875210
H1	isempty	poly10	int	10000	t_isempty	kernel	5797545
H1	isempty	poly10	int	10000	u_isempty	e2e	49608505
H1	isempty	poly10	int	10000	u_isempty	kernel	49528279
H1	isempty	poly10	wkb	10000	t_isempty	e2e	12403810
H1	isempty	poly10	wkb	10000	t_isempty	kernel	12323417
H1	isempty	poly10	wkb	10000	u_isempty	e2e	12345292
H1	isempty	poly10	wkb	10000	u_isempty	kernel	12263745
H1	isempty	poly100	sep	10000	t_isempty	e2e	5877834
H1	isempty	poly100	sep	10000	t_isempty	kernel	5800732
H1	isempty	poly100	sep	10000	u_isempty	e2e	233142617
H1	isempty	poly100	sep	10000	u_isempty	kernel	233065819
H1	isempty	poly100	int	10000	t_isempty	e2e	5867602
H1	isempty	poly100	int	10000	t_isempty	kernel	5790775
H1	isempty	poly100	int	10000	u_isempty	e2e	253368828
H1	isempty	poly100	int	10000	u_isempty	kernel	253294234
H1	isempty	poly100	wkb	10000	t_isempty	e2e	12395610
H1	isempty	poly100	wkb	10000	t_isempty	kernel	12317378
H1	isempty	poly100	wkb	10000	u_isempty	e2e	12337041
H1	isempty	poly100	wkb	10000	u_isempty	kernel	12259144
H1	isempty	poly1000	sep	10000	t_isempty	e2e	5880304
H1	isempty	poly1000	sep	10000	t_isempty	kernel	5799416
H1	isempty	poly1000	sep	10000	u_isempty	e2e	2087101278
H1	isempty	poly1000	sep	10000	u_isempty	kernel	2087023512
H1	isempty	poly1000	int	10000	t_isempty	e2e	5862963
H1	isempty	poly1000	int	10000	t_isempty	kernel	5786342
H1	isempty	poly1000	int	10000	u_isempty	e2e	2287326457
H1	isempty	poly1000	int	10000	u_isempty	kernel	2287248707
H1	isempty	poly1000	wkb	10000	t_isempty	e2e	12393159
H1	isempty	poly1000	wkb	10000	t_isempty	kernel	12317114
H1	isempty	poly1000	wkb	10000	u_isempty	e2e	12336161
H1	isempty	poly1000	wkb	10000	u_isempty	kernel	12258868
H1	area	points	sep	100000	t_area	e2e	47583562
H1	area	points	sep	100000	t_area	kernel	47446429
H1	area	points	sep	100000	u_area	e2e	165131261
H1	area	points	sep	100000	u_area	kernel	164994225
H1	area	points	int	100000	t_area	e2e	53337063
H1	area	points	int	100000	t_area	kernel	53200203
H1	area	points	int	100000	u_area	e2e	167531585
H1	area	points	int	100000	u_area	kernel	167400937
H1	area	points	wkb	100000	t_area	e2e	96098255
H1	area	points	wkb	100000	t_area	kernel	95961917
H1	area	points	wkb	100000	u_area	e2e	105114266
H1	area	points	wkb	100000	u_area	kernel	104978016
H1	area	poly10	sep	10000	t_area	e2e	34090555
H1	area	poly10	sep	10000	t_area	kernel	34010152
H1	area	poly10	sep	10000	u_area	e2e	70604983
H1	area	poly10	sep	10000	u_area	kernel	70525023
H1	area	poly10	int	10000	t_area	e2e	37820100
H1	area	poly10	int	10000	t_area	kernel	37739776
H1	area	poly10	int	10000	u_area	e2e	72815419
H1	area	poly10	int	10000	u_area	kernel	72754337
H1	area	poly10	wkb	10000	t_area	e2e	34662173
H1	area	poly10	wkb	10000	t_area	kernel	34582627
H1	area	poly10	wkb	10000	u_area	e2e	35565313
H1	area	poly10	wkb	10000	u_area	kernel	35484666
H1	area	poly100	sep	10000	t_area	e2e	202947503
H1	area	poly100	sep	10000	t_area	kernel	202712551
H1	area	poly100	sep	10000	u_area	e2e	383583885
H1	area	poly100	sep	10000	u_area	kernel	382901344
H1	area	poly100	int	10000	t_area	e2e	236926800
H1	area	poly100	int	10000	t_area	kernel	236844560
H1	area	poly100	int	10000	u_area	e2e	403212485
H1	area	poly100	int	10000	u_area	kernel	403118012
H1	area	poly100	wkb	10000	t_area	e2e	161476071
H1	area	poly100	wkb	10000	t_area	kernel	161298414
H1	area	poly100	wkb	10000	u_area	e2e	162817363
H1	area	poly100	wkb	10000	u_area	kernel	162529498
H1	area	poly1000	sep	1000	t_area	e2e	183357635
H1	area	poly1000	sep	1000	t_area	kernel	183279490
H1	area	poly1000	sep	1000	u_area	e2e	345720409
H1	area	poly1000	sep	1000	u_area	kernel	345534188
H1	area	poly1000	int	1000	t_area	e2e	217377612
H1	area	poly1000	int	1000	t_area	kernel	217309686
H1	area	poly1000	int	1000	u_area	e2e	365728645
H1	area	poly1000	int	1000	u_area	kernel	365656670
H1	area	poly1000	wkb	1000	t_area	e2e	137980373
H1	area	poly1000	wkb	1000	t_area	kernel	137737620
H1	area	poly1000	wkb	1000	u_area	e2e	138073338
H1	area	poly1000	wkb	1000	u_area	kernel	137999863
H1	centroid	points	sep	100000	t_centroid	e2e	62733650
H1	centroid	points	sep	100000	t_centroid	kernel	62575076
H1	centroid	points	sep	100000	u_centroid	e2e	180774010
H1	centroid	points	sep	100000	u_centroid	kernel	180623824
H1	centroid	points	int	100000	t_centroid	e2e	68486989
H1	centroid	points	int	100000	t_centroid	kernel	68330143
H1	centroid	points	int	100000	u_centroid	e2e	183322735
H1	centroid	points	int	100000	u_centroid	kernel	183164507
H1	centroid	points	wkb	100000	t_centroid	e2e	111848011
H1	centroid	points	wkb	100000	t_centroid	kernel	111691716
H1	centroid	points	wkb	100000	u_centroid	e2e	120463496
H1	centroid	points	wkb	100000	u_centroid	kernel	120304629
H1	centroid	poly10	sep	10000	t_centroid	e2e	42421269
H1	centroid	poly10	sep	10000	t_centroid	kernel	42338798
H1	centroid	poly10	sep	10000	u_centroid	e2e	78875220
H1	centroid	poly10	sep	10000	u_centroid	kernel	78811220
H1	centroid	poly10	int	10000	t_centroid	e2e	46152668
H1	centroid	poly10	int	10000	t_centroid	kernel	46071366
H1	centroid	poly10	int	10000	u_centroid	e2e	81109192
H1	centroid	poly10	int	10000	u_centroid	kernel	81023656
H1	centroid	poly10	wkb	10000	t_centroid	e2e	42998575
H1	centroid	poly10	wkb	10000	t_centroid	kernel	42914831
H1	centroid	poly10	wkb	10000	u_centroid	e2e	43859941
H1	centroid	poly10	wkb	10000	u_centroid	kernel	43775782
H1	centroid	poly100	sep	10000	t_centroid	e2e	252383945
H1	centroid	poly100	sep	10000	t_centroid	kernel	251859807
H1	centroid	poly100	sep	10000	u_centroid	e2e	432976877
H1	centroid	poly100	sep	10000	u_centroid	kernel	433001066
H1	centroid	poly100	int	10000	t_centroid	e2e	286963835
H1	centroid	poly100	int	10000	t_centroid	kernel	286238345
H1	centroid	poly100	int	10000	u_centroid	e2e	453333661
H1	centroid	poly100	int	10000	u_centroid	kernel	453097500
H1	centroid	poly100	wkb	10000	t_centroid	e2e	211325498
H1	centroid	poly100	wkb	10000	t_centroid	kernel	211298431
H1	centroid	poly100	wkb	10000	u_centroid	e2e	212186705
H1	centroid	poly100	wkb	10000	u_centroid	kernel	212105335
H1	centroid	poly1000	sep	1000	t_centroid	e2e	230253183
H1	centroid	poly1000	sep	1000	t_centroid	kernel	230178972
H1	centroid	poly1000	sep	1000	u_centroid	e2e	392275765
H1	centroid	poly1000	sep	1000	u_centroid	kernel	392198591
H1	centroid	poly1000	int	1000	t_centroid	e2e	264276327
H1	centroid	poly1000	int	1000	t_centroid	kernel	264198396
H1	centroid	poly1000	int	1000	u_centroid	e2e	412275934
H1	centroid	poly1000	int	1000	u_centroid	kernel	412211844
H1	centroid	poly1000	wkb	1000	t_centroid	e2e	184711109
H1	centroid	poly1000	wkb	1000	t_centroid	kernel	184635562
H1	centroid	poly1000	wkb	1000	u_centroid	e2e	184797599
H1	centroid	poly1000	wkb	1000	u_centroid	kernel	184722408
H1	intersects	points	sep	100000	t_intersects	e2e	1163268612
H1	intersects	points	sep	100000	t_intersects	kernel	1163604896
H1	intersects	points	sep	100000	u_intersects	e2e	1281156188
H1	intersects	points	sep	100000	u_intersects	kernel	1280559740
H1	intersects	points	int	100000	t_intersects	e2e	1172788477
H1	intersects	points	int	100000	t_intersects	kernel	1170745965
H1	intersects	points	int	100000	u_intersects	e2e	1286225273
H1	intersects	points	int	100000	u_intersects	kernel	1281740616
H1	intersects	points	wkb	100000	t_intersects	e2e	1205110896
H1	intersects	points	wkb	100000	t_intersects	kernel	1206070754
H1	intersects	points	wkb	100000	u_intersects	e2e	1215857762
H1	intersects	points	wkb	100000	u_intersects	kernel	1210804751
H1	intersects	poly10	sep	10000	t_intersects	e2e	429538328
H1	intersects	poly10	sep	10000	t_intersects	kernel	429926650
H1	intersects	poly10	sep	10000	u_intersects	e2e	467935304
H1	intersects	poly10	sep	10000	u_intersects	kernel	469977338
H1	intersects	poly10	int	10000	t_intersects	e2e	436544766
H1	intersects	poly10	int	10000	t_intersects	kernel	437919580
H1	intersects	poly10	int	10000	u_intersects	e2e	470036548
H1	intersects	poly10	int	10000	u_intersects	kernel	471048697
H1	intersects	poly10	wkb	10000	t_intersects	e2e	432015107
H1	intersects	poly10	wkb	10000	t_intersects	kernel	429461604
H1	intersects	poly10	wkb	10000	u_intersects	e2e	432872802
H1	intersects	poly10	wkb	10000	u_intersects	kernel	431628930
H1	intersects	poly100	sep	2000	t_intersects	e2e	525530421
H1	intersects	poly100	sep	2000	t_intersects	kernel	524348501
H1	intersects	poly100	sep	2000	u_intersects	e2e	562986493
H1	intersects	poly100	sep	2000	u_intersects	kernel	561874591
H1	intersects	poly100	int	2000	t_intersects	e2e	530653645
H1	intersects	poly100	int	2000	t_intersects	kernel	531815905
H1	intersects	poly100	int	2000	u_intersects	e2e	564136133
H1	intersects	poly100	int	2000	u_intersects	kernel	565517939
H1	intersects	poly100	wkb	2000	t_intersects	e2e	517626947
H1	intersects	poly100	wkb	2000	t_intersects	kernel	518597051
H1	intersects	poly100	wkb	2000	u_intersects	e2e	515846626
H1	intersects	poly100	wkb	2000	u_intersects	kernel	515388105
H1	intersects	poly1000	sep	500	t_intersects	e2e	2027719179
H1	intersects	poly1000	sep	500	t_intersects	kernel	2030158003
H1	intersects	poly1000	sep	500	u_intersects	e2e	2109458546
H1	intersects	poly1000	sep	500	u_intersects	kernel	2109688519
H1	intersects	poly1000	int	500	t_intersects	e2e	2045991392
H1	intersects	poly1000	int	500	t_intersects	kernel	2045487774
H1	intersects	poly1000	int	500	u_intersects	e2e	2118826783
H1	intersects	poly1000	int	500	u_intersects	kernel	2119455831
H1	intersects	poly1000	wkb	500	t_intersects	e2e	2007079072
H1	intersects	poly1000	wkb	500	t_intersects	kernel	2006530738
H1	intersects	poly1000	wkb	500	u_intersects	e2e	2006240603
H1	intersects	poly1000	wkb	500	u_intersects	kernel	2006021765
H1	buffer	points	sep	10000	t_buffer	e2e	1570488792
H1	buffer	points	sep	10000	t_buffer	kernel	1569747992
H1	buffer	points	sep	10000	u_buffer	e2e	1588828992
H1	buffer	points	sep	10000	u_buffer	kernel	1588075791
H1	buffer	points	int	10000	t_buffer	e2e	1567308731
H1	buffer	points	int	10000	t_buffer	kernel	1570066562
H1	buffer	points	int	10000	u_buffer	e2e	1589150627
H1	buffer	points	int	10000	u_buffer	kernel	1588392700
H1	buffer	points	wkb	10000	t_buffer	e2e	1572492795
H1	buffer	points	wkb	10000	t_buffer	kernel	1571743292
H1	buffer	points	wkb	10000	u_buffer	e2e	1589784730
H1	buffer	points	wkb	10000	u_buffer	kernel	1589029651
H1	buffer	poly10	sep	1000	t_buffer	e2e	252739852
H1	buffer	poly10	sep	1000	t_buffer	kernel	252301798
H1	buffer	poly10	sep	1000	u_buffer	e2e	259061473
H1	buffer	poly10	sep	1000	u_buffer	kernel	258622999
H1	buffer	poly10	int	1000	t_buffer	e2e	253301004
H1	buffer	poly10	int	1000	t_buffer	kernel	252874808
H1	buffer	poly10	int	1000	u_buffer	e2e	259387644
H1	buffer	poly10	int	1000	u_buffer	kernel	258950578
H1	buffer	poly10	wkb	1000	t_buffer	e2e	252289278
H1	buffer	poly10	wkb	1000	t_buffer	kernel	251849859
H1	buffer	poly10	wkb	1000	u_buffer	e2e	255479060
H1	buffer	poly10	wkb	1000	u_buffer	kernel	255040440
H1	buffer	poly100	sep	200	t_buffer	e2e	1086891278
H1	buffer	poly100	sep	200	t_buffer	kernel	1086456045
H1	buffer	poly100	sep	200	u_buffer	e2e	1092970768
H1	buffer	poly100	sep	200	u_buffer	kernel	1092530009
H1	buffer	poly100	int	200	t_buffer	e2e	1087994875
H1	buffer	poly100	int	200	t_buffer	kernel	1087562005
H1	buffer	poly100	int	200	u_buffer	e2e	1093275069
H1	buffer	poly100	int	200	u_buffer	kernel	1092830025
H1	buffer	poly100	wkb	200	t_buffer	e2e	1086105664
H1	buffer	poly100	wkb	200	t_buffer	kernel	1085667508
H1	buffer	poly100	wkb	200	u_buffer	e2e	1087261673
H1	buffer	poly100	wkb	200	u_buffer	kernel	1086576730
H1	buffer	poly1000	sep	50	t_buffer	e2e	24734999521
H1	buffer	poly1000	sep	50	t_buffer	kernel	24734567614
H1	buffer	poly1000	sep	50	u_buffer	e2e	24741877235
H1	buffer	poly1000	sep	50	u_buffer	kernel	24741643644
H1	buffer	poly1000	int	50	t_buffer	e2e	24736364916
H1	buffer	poly1000	int	50	t_buffer	kernel	24736529654
H1	buffer	poly1000	int	50	u_buffer	e2e	24743243817
H1	buffer	poly1000	int	50	u_buffer	kernel	24742797295
H1	buffer	poly1000	wkb	50	t_buffer	e2e	24732502818
H1	buffer	poly1000	wkb	50	t_buffer	kernel	24730579466
H1	buffer	poly1000	wkb	50	u_buffer	e2e	24732751719
H1	buffer	poly1000	wkb	50	u_buffer	kernel	24732313335
H2	p1	points	sep	100000	h2_p1_u_n	e2e	307523462
H2	p1	points	sep	100000	h2_p1_u_w	e2e	267434689
H2	p1	points	sep	100000	h2_p1_t_n	e2e	84926807
H2	p1	points	sep	100000	h2_p1_t_w	e2e	147130877
H2	p1	points	int	100000	h2_p1_u_n	e2e	308794237
H2	p1	points	int	100000	h2_p1_u_w	e2e	269952446
H2	p1	points	int	100000	h2_p1_t_n	e2e	90680579
H2	p1	points	int	100000	h2_p1_t_w	e2e	152069958
H2	p1	points	wkb	100000	h2_p1_u_n	e2e	246373733
H2	p1	points	wkb	100000	h2_p1_u_w	e2e	204080362
H2	p1	points	wkb	100000	h2_p1_t_n	e2e	134043071
H2	p1	points	wkb	100000	h2_p1_t_w	e2e	196053266
H2	p1	poly10	sep	10000	h2_p1_u_n	e2e	91678253
H2	p1	poly10	sep	10000	h2_p1_u_w	e2e	87602597
H2	p1	poly10	sep	10000	h2_p1_t_n	e2e	44915407
H2	p1	poly10	sep	10000	h2_p1_t_w	e2e	51202177
H2	p1	poly10	int	10000	h2_p1_u_n	e2e	93923017
H2	p1	poly10	int	10000	h2_p1_u_w	e2e	89830689
H2	p1	poly10	int	10000	h2_p1_t_n	e2e	48642439
H2	p1	poly10	int	10000	h2_p1_t_w	e2e	54921652
H2	p1	poly10	wkb	10000	h2_p1_u_n	e2e	56694727
H2	p1	poly10	wkb	10000	h2_p1_u_w	e2e	52582999
H2	p1	poly10	wkb	10000	h2_p1_t_n	e2e	45491572
H2	p1	poly10	wkb	10000	h2_p1_t_w	e2e	51779173
H2	p1	poly100	sep	10000	h2_p1_u_n	e2e	445494813
H2	p1	poly100	sep	10000	h2_p1_u_w	e2e	441031496
H2	p1	poly100	sep	10000	h2_p1_t_n	e2e	254876530
H2	p1	poly100	sep	10000	h2_p1_t_w	e2e	260560947
H2	p1	poly100	int	10000	h2_p1_u_n	e2e	464048270
H2	p1	poly100	int	10000	h2_p1_u_w	e2e	459808423
H2	p1	poly100	int	10000	h2_p1_t_n	e2e	288957354
H2	p1	poly100	int	10000	h2_p1_t_w	e2e	293710918
H2	p1	poly100	wkb	10000	h2_p1_u_n	e2e	224894537
H2	p1	poly100	wkb	10000	h2_p1_u_w	e2e	221350728
H2	p1	poly100	wkb	10000	h2_p1_t_n	e2e	213491696
H2	p1	poly100	wkb	10000	h2_p1_t_w	e2e	220546899
H2	p1	poly1000	sep	1000	h2_p1_u_n	e2e	393837948
H2	p1	poly1000	sep	1000	h2_p1_u_w	e2e	392972289
H2	p1	poly1000	sep	1000	h2_p1_t_n	e2e	230768653
H2	p1	poly1000	sep	1000	h2_p1_t_w	e2e	231029903
H2	p1	poly1000	int	1000	h2_p1_u_n	e2e	413854450
H2	p1	poly1000	int	1000	h2_p1_u_w	e2e	412983022
H2	p1	poly1000	int	1000	h2_p1_t_n	e2e	264794785
H2	p1	poly1000	int	1000	h2_p1_t_w	e2e	265052994
H2	p1	poly1000	wkb	1000	h2_p1_u_n	e2e	186371784
H2	p1	poly1000	wkb	1000	h2_p1_u_w	e2e	185481563
H2	p1	poly1000	wkb	1000	h2_p1_t_n	e2e	185230505
H2	p1	poly1000	wkb	1000	h2_p1_t_w	e2e	185400255
H2	p2	points	sep	100000	h2_p2_u_n	e2e	491272714
H2	p2	points	sep	100000	h2_p2_u_w	e2e	313527984
H2	p2	points	sep	100000	h2_p2_t_n	e2e	254917599
H2	p2	points	sep	100000	h2_p2_t_w	e2e	183392699
H2	p2	points	int	100000	h2_p2_u_n	e2e	493186578
H2	p2	points	int	100000	h2_p2_u_w	e2e	314863337
H2	p2	points	int	100000	h2_p2_t_n	e2e	260468940
H2	p2	points	int	100000	h2_p2_t_w	e2e	189544705
H2	p2	points	wkb	100000	h2_p2_u_n	e2e	428505989
H2	p2	points	wkb	100000	h2_p2_u_w	e2e	250481286
H2	p2	points	wkb	100000	h2_p2_t_n	e2e	304910506
H2	p2	points	wkb	100000	h2_p2_t_w	e2e	233656595
H2	p2	poly10	sep	10000	h2_p2_u_n	e2e	329822385
H2	p2	poly10	sep	10000	h2_p2_u_w	e2e	272143305
H2	p2	poly10	sep	10000	h2_p2_t_n	e2e	260778523
H2	p2	poly10	sep	10000	h2_p2_t_w	e2e	232869998
H2	p2	poly10	int	10000	h2_p2_u_n	e2e	330812415
H2	p2	poly10	int	10000	h2_p2_u_w	e2e	271921763
H2	p2	poly10	int	10000	h2_p2_t_n	e2e	262601299
H2	p2	poly10	int	10000	h2_p2_t_w	e2e	237030968
H2	p2	poly10	wkb	10000	h2_p2_u_n	e2e	293237784
H2	p2	poly10	wkb	10000	h2_p2_u_w	e2e	234894510
H2	p2	poly10	wkb	10000	h2_p2_t_n	e2e	260291715
H2	p2	poly10	wkb	10000	h2_p2_t_w	e2e	232691942
H2	p2	poly100	sep	10000	h2_p2_u_n	e2e	2589791997
H2	p2	poly100	sep	10000	h2_p2_u_w	e2e	2443159840
H2	p2	poly100	sep	10000	h2_p2_t_n	e2e	2320901464
H2	p2	poly100	sep	10000	h2_p2_t_w	e2e	2256955414
H2	p2	poly100	int	10000	h2_p2_u_n	e2e	2615225506
H2	p2	poly100	int	10000	h2_p2_u_w	e2e	2460772643
H2	p2	poly100	int	10000	h2_p2_t_n	e2e	2353522944
H2	p2	poly100	int	10000	h2_p2_t_w	e2e	2289485333
H2	p2	poly100	wkb	10000	h2_p2_u_n	e2e	2363789360
H2	p2	poly100	wkb	10000	h2_p2_u_w	e2e	2221438105
H2	p2	poly100	wkb	10000	h2_p2_t_n	e2e	2280638541
H2	p2	poly100	wkb	10000	h2_p2_t_w	e2e	2208714736
H2	p2	poly1000	sep	1000	h2_p2_u_n	e2e	3145117867
H2	p2	poly1000	sep	1000	h2_p2_u_w	e2e	3094012957
H2	p2	poly1000	sep	1000	h2_p2_t_n	e2e	2960544851
H2	p2	poly1000	sep	1000	h2_p2_t_w	e2e	2931760615
H2	p2	poly1000	int	1000	h2_p2_u_n	e2e	3162797182
H2	p2	poly1000	int	1000	h2_p2_u_w	e2e	3115666151
H2	p2	poly1000	int	1000	h2_p2_t_n	e2e	2994190455
H2	p2	poly1000	int	1000	h2_p2_t_w	e2e	2967222011
H2	p2	poly1000	wkb	1000	h2_p2_u_n	e2e	2937748075
H2	p2	poly1000	wkb	1000	h2_p2_u_w	e2e	2886826045
H2	p2	poly1000	wkb	1000	h2_p2_t_n	e2e	2914915779
H2	p2	poly1000	wkb	1000	h2_p2_t_w	e2e	2885442751
H2	p3	points	sep	100000	h2_p3_u_n	e2e	889437088
H2	p3	points	sep	100000	h2_p3_u_w	e2e	712754684
H2	p3	points	sep	100000	h2_p3_t_n	e2e	654794990
H2	p3	points	sep	100000	h2_p3_t_w	e2e	590090658
H2	p3	points	int	100000	h2_p3_u_n	e2e	892191646
H2	p3	points	int	100000	h2_p3_u_w	e2e	714844783
H2	p3	points	int	100000	h2_p3_t_n	e2e	659909491
H2	p3	points	int	100000	h2_p3_t_w	e2e	593396687
H2	p3	points	wkb	100000	h2_p3_u_n	e2e	827309429
H2	p3	points	wkb	100000	h2_p3_u_w	e2e	647472312
H2	p3	points	wkb	100000	h2_p3_t_n	e2e	704883911
H2	p3	points	wkb	100000	h2_p3_t_w	e2e	640255263
H2	p3	poly10	sep	10000	h2_p3_u_n	e2e	635493839
H2	p3	poly10	sep	10000	h2_p3_u_w	e2e	571384783
H2	p3	poly10	sep	10000	h2_p3_t_n	e2e	565786386
H2	p3	poly10	sep	10000	h2_p3_t_w	e2e	533658352
H2	p3	poly10	int	10000	h2_p3_u_n	e2e	637994727
H2	p3	poly10	int	10000	h2_p3_u_w	e2e	573610213
H2	p3	poly10	int	10000	h2_p3_t_n	e2e	568895915
H2	p3	poly10	int	10000	h2_p3_t_w	e2e	537383521
H2	p3	poly10	wkb	10000	h2_p3_u_n	e2e	600546213
H2	p3	poly10	wkb	10000	h2_p3_u_w	e2e	535257285
H2	p3	poly10	wkb	10000	h2_p3_t_n	e2e	566246925
H2	p3	poly10	wkb	10000	h2_p3_t_w	e2e	534534371
H2	p3	poly100	sep	10000	h2_p3_u_n	e2e	5077350435
H2	p3	poly100	sep	10000	h2_p3_u_w	e2e	4761818720
H2	p3	poly100	sep	10000	h2_p3_t_n	e2e	4739836602
H2	p3	poly100	sep	10000	h2_p3_t_w	e2e	4581695752
H2	p3	poly100	int	10000	h2_p3_u_n	e2e	5099243985
H2	p3	poly100	int	10000	h2_p3_u_w	e2e	4782635024
H2	p3	poly100	int	10000	h2_p3_t_n	e2e	4773909876
H2	p3	poly100	int	10000	h2_p3_t_w	e2e	4616445055
H2	p3	poly100	wkb	10000	h2_p3_u_n	e2e	4859976047
H2	p3	poly100	wkb	10000	h2_p3_u_w	e2e	4541598762
H2	p3	poly100	wkb	10000	h2_p3_t_n	e2e	4699884578
H2	p3	poly100	wkb	10000	h2_p3_t_w	e2e	4540875700
H2	p3	poly1000	sep	1000	h2_p3_u_n	e2e	4953841575
H2	p3	poly1000	sep	1000	h2_p3_u_w	e2e	4657647680
H2	p3	poly1000	sep	1000	h2_p3_t_n	e2e	4653095311
H2	p3	poly1000	sep	1000	h2_p3_t_w	e2e	4494694781
H2	p3	poly1000	int	1000	h2_p3_u_n	e2e	4973748586
H2	p3	poly1000	int	1000	h2_p3_u_w	e2e	4677661498
H2	p3	poly1000	int	1000	h2_p3_t_n	e2e	4687162533
H2	p3	poly1000	int	1000	h2_p3_t_w	e2e	4528711045
H2	p3	poly1000	wkb	1000	h2_p3_u_n	e2e	4745841387
H2	p3	poly1000	wkb	1000	h2_p3_u_w	e2e	4449227557
H2	p3	poly1000	wkb	1000	h2_p3_t_n	e2e	4607601111
H2	p3	poly1000	wkb	1000	h2_p3_t_w	e2e	4449086077
H2	p4	points	sep	10000	h2_p4_u_n	e2e	2497591414
H2	p4	points	sep	10000	h2_p4_u_w	e2e	2309945091
H2	p4	points	sep	10000	h2_p4_t_n	e2e	2401279845
H2	p4	points	sep	10000	h2_p4_t_w	e2e	2284420967
H2	p4	points	int	10000	h2_p4_u_n	e2e	2493654512
H2	p4	points	int	10000	h2_p4_u_w	e2e	2310975471
H2	p4	points	int	10000	h2_p4_t_n	e2e	2399927198
H2	p4	points	int	10000	h2_p4_t_w	e2e	2282307399
H2	p4	points	wkb	10000	h2_p4_u_n	e2e	2490955056
H2	p4	points	wkb	10000	h2_p4_u_w	e2e	2303885539
H2	p4	points	wkb	10000	h2_p4_t_n	e2e	2405507054
H2	p4	points	wkb	10000	h2_p4_t_w	e2e	2287434544
H2	p4	poly10	sep	1000	h2_p4_u_n	e2e	393696533
H2	p4	poly10	sep	1000	h2_p4_u_w	e2e	357330376
H2	p4	poly10	sep	1000	h2_p4_t_n	e2e	377664960
H2	p4	poly10	sep	1000	h2_p4_t_w	e2e	352120458
H2	p4	poly10	int	1000	h2_p4_u_n	e2e	393250220
H2	p4	poly10	int	1000	h2_p4_u_w	e2e	358831292
H2	p4	poly10	int	1000	h2_p4_t_n	e2e	377679731
H2	p4	poly10	int	1000	h2_p4_t_w	e2e	351853711
H2	p4	poly10	wkb	1000	h2_p4_u_n	e2e	389150049
H2	p4	poly10	wkb	1000	h2_p4_u_w	e2e	354362633
H2	p4	poly10	wkb	1000	h2_p4_t_n	e2e	377548410
H2	p4	poly10	wkb	1000	h2_p4_t_w	e2e	352811913
H2	p4	poly100	sep	200	h2_p4_u_n	e2e	1264431807
H2	p4	poly100	sep	200	h2_p4_u_w	e2e	1217630074
H2	p4	poly100	sep	200	h2_p4_t_n	e2e	1247864171
H2	p4	poly100	sep	200	h2_p4_t_w	e2e	1214175187
H2	p4	poly100	int	200	h2_p4_u_n	e2e	1265120229
H2	p4	poly100	int	200	h2_p4_u_w	e2e	1218028709
H2	p4	poly100	int	200	h2_p4_t_n	e2e	1248737018
H2	p4	poly100	int	200	h2_p4_t_w	e2e	1215030346
H2	p4	poly100	wkb	200	h2_p4_u_n	e2e	1258927424
H2	p4	poly100	wkb	200	h2_p4_u_w	e2e	1212533267
H2	p4	poly100	wkb	200	h2_p4_t_n	e2e	1247348659
H2	p4	poly100	wkb	200	h2_p4_t_w	e2e	1212777012
H2	p4	poly1000	sep	50	h2_p4_u_n	e2e	24807413339
H2	p4	poly1000	sep	50	h2_p4_u_w	e2e	24784132768
H2	p4	poly1000	sep	50	h2_p4_t_n	e2e	24796086757
H2	p4	poly1000	sep	50	h2_p4_t_w	e2e	24777320058
H2	p4	poly1000	int	50	h2_p4_u_n	e2e	24807592092
H2	p4	poly1000	int	50	h2_p4_u_w	e2e	24785625405
H2	p4	poly1000	int	50	h2_p4_t_n	e2e	24798558414
H2	p4	poly1000	int	50	h2_p4_t_w	e2e	24778986650
H2	p4	poly1000	wkb	50	h2_p4_u_n	e2e	24796621554
H2	p4	poly1000	wkb	50	h2_p4_u_w	e2e	24773897282
H2	p4	poly1000	wkb	50	h2_p4_t_n	e2e	24793703299
H2	p4	poly1000	wkb	50	h2_p4_t_w	e2e	24773745401
H6	area	points	sep	100000	g_area	e2e	4785342
H6	area	points	sep	100000	u_area	e2e	165132803
H6	area	points	int	100000	g_area	e2e	4664252
H6	area	points	int	100000	u_area	e2e	167531636
H6	area	points	wkb	100000	g_area	e2e	111565636
H6	area	points	wkb	100000	u_area	e2e	105113127
H6	area	poly10	sep	10000	g_area	e2e	33759338
H6	area	poly10	sep	10000	u_area	e2e	70583759
H6	area	poly10	int	10000	g_area	e2e	37526387
H6	area	poly10	int	10000	u_area	e2e	72814950
H6	area	poly10	wkb	10000	g_area	e2e	34902457
H6	area	poly10	wkb	10000	u_area	e2e	35565414
H6	area	poly100	sep	10000	g_area	e2e	201784308
H6	area	poly100	sep	10000	u_area	e2e	382968718
H6	area	poly100	int	10000	g_area	e2e	236174403
H6	area	poly100	int	10000	u_area	e2e	403691031
H6	area	poly100	wkb	10000	g_area	e2e	160949377
H6	area	poly100	wkb	10000	u_area	e2e	162516432
H6	area	poly1000	sep	1000	g_area	e2e	184241733
H6	area	poly1000	sep	1000	u_area	e2e	345708167
H6	area	poly1000	int	1000	g_area	e2e	218326443
H6	area	poly1000	int	1000	u_area	e2e	365718112
H6	area	poly1000	wkb	1000	g_area	e2e	138973919
H6	area	poly1000	wkb	1000	u_area	e2e	137905387
H6	centroid	points	sep	100000	g_centroid	e2e	81280127
H6	centroid	points	sep	100000	u_centroid	e2e	180781680
H6	centroid	points	int	100000	g_centroid	e2e	85051738
H6	centroid	points	int	100000	u_centroid	e2e	183321375
H6	centroid	points	wkb	100000	g_centroid	e2e	124834311
H6	centroid	points	wkb	100000	u_centroid	e2e	120462704
H6	centroid	poly10	sep	10000	g_centroid	e2e	41317543
H6	centroid	poly10	sep	10000	u_centroid	e2e	78898597
H6	centroid	poly10	int	10000	g_centroid	e2e	45084478
H6	centroid	poly10	int	10000	u_centroid	e2e	81124942
H6	centroid	poly10	wkb	10000	g_centroid	e2e	42642127
H6	centroid	poly10	wkb	10000	u_centroid	e2e	43860214
H6	centroid	poly100	sep	10000	g_centroid	e2e	250798811
H6	centroid	poly100	sep	10000	u_centroid	e2e	432942019
H6	centroid	poly100	int	10000	g_centroid	e2e	285171297
H6	centroid	poly100	int	10000	u_centroid	e2e	453153221
H6	centroid	poly100	wkb	10000	g_centroid	e2e	209202685
H6	centroid	poly100	wkb	10000	u_centroid	e2e	212186965
H6	centroid	poly1000	sep	1000	g_centroid	e2e	230995627
H6	centroid	poly1000	sep	1000	u_centroid	e2e	392273762
H6	centroid	poly1000	int	1000	g_centroid	e2e	265066173
H6	centroid	poly1000	int	1000	u_centroid	e2e	412288924
H6	centroid	poly1000	wkb	1000	g_centroid	e2e	185562961
H6	centroid	poly1000	wkb	1000	u_centroid	e2e	184797448
H6	simplify	points	sep	100000	g_simplify	e2e	3071702
H6	simplify	points	sep	100000	u_simplify	e2e	277022973
H6	simplify	points	sep	100000	u_simplify_same	e2e	277016995
H6	simplify	points	int	100000	g_simplify	e2e	2933708
H6	simplify	points	int	100000	u_simplify	e2e	279767423
H6	simplify	points	int	100000	u_simplify_same	e2e	279760146
H6	simplify	points	wkb	100000	g_simplify	e2e	214258505
H6	simplify	points	wkb	100000	u_simplify	e2e	217691137
H6	simplify	points	wkb	100000	u_simplify_same	e2e	217638295
H6	simplify	poly10	sep	10000	g_simplify	e2e	205341118
H6	simplify	poly10	sep	10000	u_simplify	e2e	266938239
H6	simplify	poly10	sep	10000	u_simplify_same	e2e	245083927
H6	simplify	poly10	int	10000	g_simplify	e2e	207356875
H6	simplify	poly10	int	10000	u_simplify	e2e	267997229
H6	simplify	poly10	int	10000	u_simplify_same	e2e	246794515
H6	simplify	poly10	wkb	10000	g_simplify	e2e	228903910
H6	simplify	poly10	wkb	10000	u_simplify	e2e	228443533
H6	simplify	poly10	wkb	10000	u_simplify_same	e2e	234226777
H6	simplify	poly100	sep	10000	g_simplify	e2e	2206313716
H6	simplify	poly100	sep	10000	u_simplify	e2e	2417411666
H6	simplify	poly100	sep	10000	u_simplify_same	e2e	2392965167
H6	simplify	poly100	int	10000	g_simplify	e2e	2239974011
H6	simplify	poly100	int	10000	u_simplify	e2e	2439311287
H6	simplify	poly100	int	10000	u_simplify_same	e2e	2411859414
H6	simplify	poly100	wkb	10000	g_simplify	e2e	2192797335
H6	simplify	poly100	wkb	10000	u_simplify	e2e	2198195731
H6	simplify	poly100	wkb	10000	u_simplify_same	e2e	2202118089
H6	simplify	poly1000	sep	1000	g_simplify	e2e	2921517980
H6	simplify	poly1000	sep	1000	u_simplify	e2e	3097879019
H6	simplify	poly1000	sep	1000	u_simplify_same	e2e	3087400396
H6	simplify	poly1000	int	1000	g_simplify	e2e	2955027972
H6	simplify	poly1000	int	1000	u_simplify	e2e	3117623378
H6	simplify	poly1000	int	1000	u_simplify_same	e2e	3102818206
H6	simplify	poly1000	wkb	1000	g_simplify	e2e	2891059492
H6	simplify	poly1000	wkb	1000	u_simplify	e2e	2891665905
H6	simplify	poly1000	wkb	1000	u_simplify_same	e2e	2891407295
H6	intersects	points	sep	10000	g_intersects_aa	e2e	2344693117
H6	intersects	points	sep	10000	u_intersectsrelate_aa	e2e	2506705927
H6	intersects	points	sep	10000	e_intersects_aa	e2e	213397902
H6	intersects	points	sep	10000	u_intersects_aa	e2e	405564917
H6	intersects	points	int	10000	g_intersects_aa	e2e	2390430545
H6	intersects	points	int	10000	u_intersectsrelate_aa	e2e	2534338936
H6	intersects	points	int	10000	e_intersects_aa	e2e	247113963
H6	intersects	points	int	10000	u_intersects_aa	e2e	424812370
H6	intersects	points	wkb	10000	g_intersects_aa	e2e	2312645051
H6	intersects	points	wkb	10000	u_intersectsrelate_aa	e2e	2293662727
H6	intersects	points	wkb	10000	e_intersects_aa	e2e	177112505
H6	intersects	points	wkb	10000	u_intersects_aa	e2e	177770996
H6	intersects	poly10	sep	10000	g_intersects_aa	e2e	2659924894
H6	intersects	poly10	sep	10000	u_intersectsrelate_aa	e2e	2821104582
H6	intersects	poly10	sep	10000	e_intersects_aa	e2e	588867502
H6	intersects	poly10	sep	10000	u_intersects_aa	e2e	807022666
H6	intersects	poly10	int	10000	g_intersects_aa	e2e	2695743083
H6	intersects	poly10	int	10000	u_intersectsrelate_aa	e2e	2860262602
H6	intersects	poly10	int	10000	e_intersects_aa	e2e	627535585
H6	intersects	poly10	int	10000	u_intersects_aa	e2e	829957159
H6	intersects	poly10	wkb	10000	g_intersects_aa	e2e	2604242577
H6	intersects	poly10	wkb	10000	u_intersectsrelate_aa	e2e	2566782456
H6	intersects	poly10	wkb	10000	e_intersects_aa	e2e	550131851
H6	intersects	poly10	wkb	10000	u_intersects_aa	e2e	551919073
H6	intersects	poly100	sep	2000	g_intersects_aa	e2e	965062377
H6	intersects	poly100	sep	2000	u_intersectsrelate_aa	e2e	1024404549
H6	intersects	poly100	sep	2000	e_intersects_aa	e2e	711772439
H6	intersects	poly100	sep	2000	u_intersects_aa	e2e	783836841
H6	intersects	poly100	int	2000	g_intersects_aa	e2e	981184716
H6	intersects	poly100	int	2000	u_intersectsrelate_aa	e2e	1032710085
H6	intersects	poly100	int	2000	e_intersects_aa	e2e	725419301
H6	intersects	poly100	int	2000	u_intersects_aa	e2e	791850904
H6	intersects	poly100	wkb	2000	g_intersects_aa	e2e	949063617
H6	intersects	poly100	wkb	2000	u_intersectsrelate_aa	e2e	937525540
H6	intersects	poly100	wkb	2000	e_intersects_aa	e2e	695569093
H6	intersects	poly100	wkb	2000	u_intersects_aa	e2e	695776600
H6	intersects	poly1000	sep	500	g_intersects_aa	e2e	2141822520
H6	intersects	poly1000	sep	500	u_intersectsrelate_aa	e2e	2214260665
H6	intersects	poly1000	sep	500	e_intersects_aa	e2e	1515600306
H6	intersects	poly1000	sep	500	u_intersects_aa	e2e	1604075818
H6	intersects	poly1000	int	500	g_intersects_aa	e2e	2160494968
H6	intersects	poly1000	int	500	u_intersectsrelate_aa	e2e	2225721597
H6	intersects	poly1000	int	500	e_intersects_aa	e2e	1534283164
H6	intersects	poly1000	int	500	u_intersects_aa	e2e	1615060996
H6	intersects	poly1000	wkb	500	g_intersects_aa	e2e	2115944388
H6	intersects	poly1000	wkb	500	u_intersectsrelate_aa	e2e	2100267454
H6	intersects	poly1000	wkb	500	e_intersects_aa	e2e	1490688632
H6	intersects	poly1000	wkb	500	u_intersects_aa	e2e	1489135177
H6	intersects_const	points	sep	100000	g_intersects	e2e	1176293169
H6	intersects_const	points	sep	100000	u_intersects	e2e	1281260410
H6	intersects_const	points	int	100000	g_intersects	e2e	1185883317
H6	intersects_const	points	int	100000	u_intersects	e2e	1281523649
H6	intersects_const	points	wkb	100000	g_intersects	e2e	1213286652
H6	intersects_const	points	wkb	100000	u_intersects	e2e	1214779363
H6	intersects_const	poly10	sep	10000	g_intersects	e2e	432115117
H6	intersects_const	poly10	sep	10000	u_intersects	e2e	466943844
H6	intersects_const	poly10	int	10000	g_intersects	e2e	434736183
H6	intersects_const	poly10	int	10000	u_intersects	e2e	469937316
H6	intersects_const	poly10	wkb	10000	g_intersects	e2e	431563451
H6	intersects_const	poly10	wkb	10000	u_intersects	e2e	431477345
H6	intersects_const	poly100	sep	2000	g_intersects	e2e	530457170
H6	intersects_const	poly100	sep	2000	u_intersects	e2e	559541272
H6	intersects_const	poly100	int	2000	g_intersects	e2e	538014696
H6	intersects_const	poly100	int	2000	u_intersects	e2e	564142835
H6	intersects_const	poly100	wkb	2000	g_intersects	e2e	522119176
H6	intersects_const	poly100	wkb	2000	u_intersects	e2e	516576540
H6	intersects_const	poly1000	sep	500	g_intersects	e2e	2044572134
H6	intersects_const	poly1000	sep	500	u_intersects	e2e	2110374881
H6	intersects_const	poly1000	int	500	g_intersects	e2e	2060892316
H6	intersects_const	poly1000	int	500	u_intersects	e2e	2119637265
H6	intersects_const	poly1000	wkb	500	g_intersects	e2e	2020389713
H6	intersects_const	poly1000	wkb	500	u_intersects	e2e	2005900066
