H1	x	points	sep	100000	t_x	e2e	24276363
H1	x	points	sep	100000	t_x	kernel	24152367
H1	x	points	sep	100000	u_x	e2e	122813223
H1	x	points	sep	100000	u_x	kernel	122295698
H1	x	points	int	100000	t_x	e2e	27029579
H1	x	points	int	100000	t_x	kernel	26906508
H1	x	points	int	100000	u_x	e2e	124812179
H1	x	points	int	100000	u_x	kernel	124692420
H1	x	points	wkb	100000	t_x	e2e	68993583
H1	x	points	wkb	100000	t_x	kernel	68867452
H1	x	points	wkb	100000	u_x	e2e	68405033
H1	x	points	wkb	100000	u_x	kernel	68279619
H1	npoints	points	sep	100000	t_npoints	e2e	20883492
H1	npoints	points	sep	100000	t_npoints	kernel	20754974
H1	npoints	points	sep	100000	u_npoints	e2e	125068814
H1	npoints	points	sep	100000	u_npoints	kernel	124937161
H1	npoints	points	int	100000	t_npoints	e2e	22841106
H1	npoints	points	int	100000	t_npoints	kernel	22708589
H1	npoints	points	int	100000	u_npoints	e2e	127873801
H1	npoints	points	int	100000	u_npoints	kernel	127746937
H1	npoints	points	wkb	100000	t_npoints	e2e	72001082
H1	npoints	points	wkb	100000	t_npoints	kernel	71872955
H1	npoints	points	wkb	100000	u_npoints	e2e	71411808
H1	npoints	points	wkb	100000	u_npoints	kernel	71283478
H1	npoints	poly10	sep	10000	t_npoints	e2e	6551744
H1	npoints	poly10	sep	10000	t_npoints	kernel	6478247
H1	npoints	poly10	sep	10000	u_npoints	e2e	54564809
H1	npoints	poly10	sep	10000	u_npoints	kernel	54492345
H1	npoints	poly10	int	10000	t_npoints	e2e	6536353
H1	npoints	poly10	int	10000	t_npoints	kernel	6462409
H1	npoints	poly10	int	10000	u_npoints	e2e	56810640
H1	npoints	poly10	int	10000	u_npoints	kernel	56737897
H1	npoints	poly10	wkb	10000	t_npoints	e2e	12307766
H1	npoints	poly10	wkb	10000	t_npoints	kernel	12235436
H1	npoints	poly10	wkb	10000	u_npoints	e2e	12248543
H1	npoints	poly10	wkb	10000	u_npoints	kernel	12175486
H1	npoints	poly100	sep	10000	t_npoints	e2e	6540155
H1	npoints	poly100	sep	10000	t_npoints	kernel	6468883
H1	npoints	poly100	sep	10000	u_npoints	e2e	290763993
H1	npoints	poly100	sep	10000	u_npoints	kernel	290691852
H1	npoints	poly100	int	10000	t_npoints	e2e	6528863
H1	npoints	poly100	int	10000	t_npoints	kernel	6453854
H1	npoints	poly100	int	10000	u_npoints	e2e	310970527
H1	npoints	poly100	int	10000	u_npoints	kernel	310917730
H1	npoints	poly100	wkb	10000	t_npoints	e2e	12300224
H1	npoints	poly100	wkb	10000	t_npoints	kernel	12228717
H1	npoints	poly100	wkb	10000	u_npoints	e2e	12241232
H1	npoints	poly100	wkb	10000	u_npoints	kernel	12170172
H1	npoints	poly1000	sep	10000	t_npoints	e2e	6543822
H1	npoints	poly1000	sep	10000	t_npoints	kernel	6471108
H1	npoints	poly1000	sep	10000	u_npoints	e2e	2648686375
H1	npoints	poly1000	sep	10000	u_npoints	kernel	2648632963
H1	npoints	poly1000	int	10000	t_npoints	e2e	6531667
H1	npoints	poly1000	int	10000	t_npoints	kernel	6458124
H1	npoints	poly1000	int	10000	u_npoints	e2e	2848932675
H1	npoints	poly1000	int	10000	u_npoints	kernel	2848837596
H1	npoints	poly1000	wkb	10000	t_npoints	e2e	12300177
H1	npoints	poly1000	wkb	10000	t_npoints	kernel	12227808
H1	npoints	poly1000	wkb	10000	u_npoints	e2e	12242075
H1	npoints	poly1000	wkb	10000	u_npoints	kernel	12170012
H1	isempty	points	sep	100000	t_isempty	e2e	22889086
H1	isempty	points	sep	100000	t_isempty	kernel	22759247
H1	isempty	points	sep	100000	u_isempty	e2e	126230530
H1	isempty	points	sep	100000	u_isempty	kernel	126101976
H1	isempty	points	int	100000	t_isempty	e2e	24842465
H1	isempty	points	int	100000	t_isempty	kernel	24712612
H1	isempty	points	int	100000	u_isempty	e2e	128674952
H1	isempty	points	int	100000	u_isempty	kernel	128545829
H1	isempty	points	wkb	100000	t_isempty	e2e	72802823
H1	isempty	points	wkb	100000	t_isempty	kernel	72674453
H1	isempty	points	wkb	100000	u_isempty	e2e	72214870
H1	isempty	points	wkb	100000	u_isempty	kernel	72085655
H1	isempty	poly10	sep	10000	t_isempty	e2e	5788969
H1	isempty	poly10	sep	10000	t_isempty	kernel	5715268
H1	isempty	poly10	sep	10000	u_isempty	e2e	54584453
H1	isempty	poly10	sep	10000	u_isempty	kernel	54491834
H1	isempty	poly10	int	10000	t_isempty	e2e	5776626
H1	isempty	poly10	int	10000	t_isempty	kernel	5701179
H1	isempty	poly10	int	10000	u_isempty	e2e	56810635
H1	isempty	poly10	int	10000	u_isempty	kernel	56733855
H1	isempty	poly10	wkb	10000	t_isempty	e2e	12306491
H1	isempty	poly10	wkb	10000	t_isempty	kernel	12234908
H1	isempty	poly10	wkb	10000	u_isempty	e2e	12249306
H1	isempty	poly10	wkb	10000	u_isempty	kernel	12174829
H1	isempty	poly100	sep	10000	t_isempty	e2e	5780754
H1	isempty	poly100	sep	10000	t_isempty	kernel	5709332
H1	isempty	poly100	sep	10000	u_isempty	e2e	290768271
H1	isempty	poly100	sep	10000	u_isempty	kernel	290673971
H1	isempty	poly100	int	10000	t_isempty	e2e	5766956
H1	isempty	poly100	int	10000	t_isempty	kernel	5696656
H1	isempty	poly100	int	10000	u_isempty	e2e	310969369
H1	isempty	poly100	int	10000	u_isempty	kernel	310899383
H1	isempty	poly100	wkb	10000	t_isempty	e2e	12300236
H1	isempty	poly100	wkb	10000	t_isempty	kernel	12228557
H1	isempty	poly100	wkb	10000	u_isempty	e2e	12241734
H1	isempty	poly100	wkb	10000	u_isempty	kernel	12170030
H1	isempty	poly1000	sep	10000	t_isempty	e2e	5781387
H1	isempty	poly1000	sep	10000	t_isempty	kernel	5712273
H1	isempty	poly1000	sep	10000	u_isempty	e2e	2648707217
H1	isempty	poly1000	sep	10000	u_isempty	kernel	2648612679
H1	isempty	poly1000	int	10000	t_isempty	e2e	5770195
H1	isempty	poly1000	int	10000	t_isempty	kernel	5695131
H1	isempty	poly1000	int	10000	u_isempty	e2e	2848933053
H1	isempty	poly1000	int	10000	u_isempty	kernel	2848838452
H1	isempty	poly1000	wkb	10000	t_isempty	e2e	12300587
H1	isempty	poly1000	wkb	10000	t_isempty	kernel	12228572
H1	isempty	poly1000	wkb	10000	u_isempty	e2e	12242064
H1	isempty	poly1000	wkb	10000	u_isempty	kernel	12170176
H1	area	points	sep	100000	t_area	e2e	47283160
H1	area	points	sep	100000	t_area	kernel	47154251
H1	area	points	sep	100000	u_area	e2e	158936065
H1	area	points	sep	100000	u_area	kernel	158706058
H1	area	points	int	100000	t_area	e2e	53036273
H1	area	points	int	100000	t_area	kernel	52905637
H1	area	points	int	100000	u_area	e2e	161225949
H1	area	points	int	100000	u_area	kernel	161098544
H1	area	points	wkb	100000	t_area	e2e	95799646
H1	area	points	wkb	100000	t_area	kernel	95670291
H1	area	points	wkb	100000	u_area	e2e	104814125
H1	area	points	wkb	100000	u_area	kernel	104685586
H1	area	poly10	sep	10000	t_area	e2e	34231538
H1	area	poly10	sep	10000	t_area	kernel	34157317
H1	area	poly10	sep	10000	u_area	e2e	78064533
H1	area	poly10	sep	10000	u_area	kernel	77973951
H1	area	poly10	int	10000	t_area	e2e	37955686
H1	area	poly10	int	10000	t_area	kernel	37884914
H1	area	poly10	int	10000	u_area	e2e	80289305
H1	area	poly10	int	10000	u_area	kernel	80198211
H1	area	poly10	wkb	10000	t_area	e2e	34826255
H1	area	poly10	wkb	10000	t_area	kernel	34752699
H1	area	poly10	wkb	10000	u_area	e2e	35728696
H1	area	poly10	wkb	10000	u_area	kernel	35655441
H1	area	poly100	sep	10000	t_area	e2e	202890753
H1	area	poly100	sep	10000	t_area	kernel	202632742
H1	area	poly100	sep	10000	u_area	e2e	441706310
H1	area	poly100	sep	10000	u_area	kernel	441476322
H1	area	poly100	int	10000	t_area	e2e	237122546
H1	area	poly100	int	10000	t_area	kernel	237113058
H1	area	poly100	int	10000	u_area	e2e	461922887
H1	area	poly100	int	10000	u_area	kernel	461444191
H1	area	poly100	wkb	10000	t_area	e2e	162356380
H1	area	poly100	wkb	10000	t_area	kernel	162477316
H1	area	poly100	wkb	10000	u_area	e2e	163172224
H1	area	poly100	wkb	10000	u_area	kernel	163099950
H1	area	poly1000	sep	1000	t_area	e2e	183286703
H1	area	poly1000	sep	1000	t_area	kernel	183382851
H1	area	poly1000	sep	1000	u_area	e2e	401817294
H1	area	poly1000	sep	1000	u_area	kernel	401747902
H1	area	poly1000	int	1000	t_area	e2e	217471294
H1	area	poly1000	int	1000	t_area	kernel	217407976
H1	area	poly1000	int	1000	u_area	e2e	421828052
H1	area	poly1000	int	1000	u_area	kernel	421650713
H1	area	poly1000	wkb	1000	t_area	e2e	137913781
H1	area	poly1000	wkb	1000	t_area	kernel	137844885
H1	area	poly1000	wkb	1000	u_area	e2e	137836438
H1	area	poly1000	wkb	1000	u_area	kernel	137768572
H1	centroid	points	sep	100000	t_centroid	e2e	63837304
H1	centroid	points	sep	100000	t_centroid	kernel	63685905
H1	centroid	points	sep	100000	u_centroid	e2e	174679270
H1	centroid	points	sep	100000	u_centroid	kernel	174525435
H1	centroid	points	int	100000	t_centroid	e2e	69589071
H1	centroid	points	int	100000	t_centroid	kernel	69439555
H1	centroid	points	int	100000	u_centroid	e2e	177241439
H1	centroid	points	int	100000	u_centroid	kernel	177087833
H1	centroid	points	wkb	100000	t_centroid	e2e	111751536
H1	centroid	points	wkb	100000	t_centroid	kernel	111601667
H1	centroid	points	wkb	100000	u_centroid	e2e	120364831
H1	centroid	points	wkb	100000	u_centroid	kernel	120215393
H1	centroid	poly10	sep	10000	t_centroid	e2e	42287861
H1	centroid	poly10	sep	10000	t_centroid	kernel	42207610
H1	centroid	poly10	sep	10000	u_centroid	e2e	86099544
H1	centroid	poly10	sep	10000	u_centroid	kernel	86005552
H1	centroid	poly10	int	10000	t_centroid	e2e	46010393
H1	centroid	poly10	int	10000	t_centroid	kernel	45937077
H1	centroid	poly10	int	10000	u_centroid	e2e	88326082
H1	centroid	poly10	int	10000	u_centroid	kernel	88249793
H1	centroid	poly10	wkb	10000	t_centroid	e2e	42899111
H1	centroid	poly10	wkb	10000	t_centroid	kernel	42820828
H1	centroid	poly10	wkb	10000	u_centroid	e2e	43760222
H1	centroid	poly10	wkb	10000	u_centroid	kernel	43683588
H1	centroid	poly100	sep	10000	t_centroid	e2e	252175706
H1	centroid	poly100	sep	10000	t_centroid	kernel	251711693
H1	centroid	poly100	sep	10000	u_centroid	e2e	490601368
H1	centroid	poly100	sep	10000	u_centroid	kernel	491093537
H1	centroid	poly100	int	10000	t_centroid	e2e	286157029
H1	centroid	poly100	int	10000	t_centroid	kernel	286709739
H1	centroid	poly100	int	10000	u_centroid	e2e	511182968
H1	centroid	poly100	int	10000	u_centroid	kernel	511204850
H1	centroid	poly100	wkb	10000	t_centroid	e2e	211201163
H1	centroid	poly100	wkb	10000	t_centroid	kernel	211135270
H1	centroid	poly100	wkb	10000	u_centroid	e2e	212062851
H1	centroid	poly100	wkb	10000	u_centroid	kernel	211987901
H1	centroid	poly1000	sep	1000	t_centroid	e2e	230149591
H1	centroid	poly1000	sep	1000	t_centroid	kernel	230081437
H1	centroid	poly1000	sep	1000	u_centroid	e2e	448338084
H1	centroid	poly1000	sep	1000	u_centroid	kernel	448280161
H1	centroid	poly1000	int	1000	t_centroid	e2e	264172831
H1	centroid	poly1000	int	1000	t_centroid	kernel	264103122
H1	centroid	poly1000	int	1000	u_centroid	e2e	468362026
H1	centroid	poly1000	int	1000	u_centroid	kernel	468281941
H1	centroid	poly1000	wkb	1000	t_centroid	e2e	184614538
H1	centroid	poly1000	wkb	1000	t_centroid	kernel	184546331
H1	centroid	poly1000	wkb	1000	u_centroid	e2e	184701190
H1	centroid	poly1000	wkb	1000	u_centroid	kernel	184632415
H1	intersects	points	sep	100000	t_intersects	e2e	1160424528
H1	intersects	points	sep	100000	t_intersects	kernel	1161157255
H1	intersects	points	sep	100000	u_intersects	e2e	1269035035
H1	intersects	points	sep	100000	u_intersects	kernel	1270120733
H1	intersects	points	int	100000	t_intersects	e2e	1171379433
H1	intersects	points	int	100000	t_intersects	kernel	1172238639
H1	intersects	points	int	100000	u_intersects	e2e	1275937314
H1	intersects	points	int	100000	u_intersects	kernel	1273788733
H1	intersects	points	wkb	100000	t_intersects	e2e	1205347563
H1	intersects	points	wkb	100000	t_intersects	kernel	1207001087
H1	intersects	points	wkb	100000	u_intersects	e2e	1215025041
H1	intersects	points	wkb	100000	u_intersects	kernel	1216694065
H1	intersects	poly10	sep	10000	t_intersects	e2e	439749106
H1	intersects	poly10	sep	10000	t_intersects	kernel	442793980
H1	intersects	poly10	sep	10000	u_intersects	e2e	485827455
H1	intersects	poly10	sep	10000	u_intersects	kernel	487274728
H1	intersects	poly10	int	10000	t_intersects	e2e	445511884
H1	intersects	poly10	int	10000	t_intersects	kernel	445274943
H1	intersects	poly10	int	10000	u_intersects	e2e	488742895
H1	intersects	poly10	int	10000	u_intersects	kernel	488886890
H1	intersects	poly10	wkb	10000	t_intersects	e2e	443789606
H1	intersects	poly10	wkb	10000	t_intersects	kernel	444677280
H1	intersects	poly10	wkb	10000	u_intersects	e2e	443394992
H1	intersects	poly10	wkb	10000	u_intersects	kernel	443509395
H1	intersects	poly100	sep	2000	t_intersects	e2e	544037830
H1	intersects	poly100	sep	2000	t_intersects	kernel	542275694
H1	intersects	poly100	sep	2000	u_intersects	e2e	592928479
H1	intersects	poly100	sep	2000	u_intersects	kernel	594956027
H1	intersects	poly100	int	2000	t_intersects	e2e	550261353
H1	intersects	poly100	int	2000	t_intersects	kernel	552433700
H1	intersects	poly100	int	2000	u_intersects	e2e	595809986
H1	intersects	poly100	int	2000	u_intersects	kernel	597528323
H1	intersects	poly100	wkb	2000	t_intersects	e2e	536154360
H1	intersects	poly100	wkb	2000	t_intersects	kernel	537544701
H1	intersects	poly100	wkb	2000	u_intersects	e2e	535768243
H1	intersects	poly100	wkb	2000	u_intersects	kernel	538757742
H1	intersects	poly1000	sep	500	t_intersects	e2e	2151929417
H1	intersects	poly1000	sep	500	t_intersects	kernel	2151418750
H1	intersects	poly1000	sep	500	u_intersects	e2e	2261496335
H1	intersects	poly1000	sep	500	u_intersects	kernel	2259720346
H1	intersects	poly1000	int	500	t_intersects	e2e	2168679252
H1	intersects	poly1000	int	500	t_intersects	kernel	2167844361
H1	intersects	poly1000	int	500	u_intersects	e2e	2271586790
H1	intersects	poly1000	int	500	u_intersects	kernel	2271782167
H1	intersects	poly1000	wkb	500	t_intersects	e2e	2129962288
H1	intersects	poly1000	wkb	500	t_intersects	kernel	2129640240
H1	intersects	poly1000	wkb	500	u_intersects	e2e	2128454596
H1	intersects	poly1000	wkb	500	u_intersects	kernel	2129490227
H1	buffer	points	sep	10000	t_buffer	e2e	1568877411
H1	buffer	points	sep	10000	t_buffer	kernel	1568279851
H1	buffer	points	sep	10000	u_buffer	e2e	1589302174
H1	buffer	points	sep	10000	u_buffer	kernel	1587841307
H1	buffer	points	int	10000	t_buffer	e2e	1569195896
H1	buffer	points	int	10000	t_buffer	kernel	1566329758
H1	buffer	points	int	10000	u_buffer	e2e	1589186160
H1	buffer	points	int	10000	u_buffer	kernel	1588429161
H1	buffer	points	wkb	10000	t_buffer	e2e	1573630932
H1	buffer	points	wkb	10000	t_buffer	kernel	1572891787
H1	buffer	points	wkb	10000	u_buffer	e2e	1589655214
H1	buffer	points	wkb	10000	u_buffer	kernel	1589426804
H1	buffer	poly10	sep	1000	t_buffer	e2e	252848390
H1	buffer	poly10	sep	1000	t_buffer	kernel	252692555
H1	buffer	poly10	sep	1000	u_buffer	e2e	259685643
H1	buffer	poly10	sep	1000	u_buffer	kernel	259256391
H1	buffer	poly10	int	1000	t_buffer	e2e	253589701
H1	buffer	poly10	int	1000	t_buffer	kernel	253160375
H1	buffer	poly10	int	1000	u_buffer	e2e	259900528
H1	buffer	poly10	int	1000	u_buffer	kernel	259592848
H1	buffer	poly10	wkb	1000	t_buffer	e2e	252690176
H1	buffer	poly10	wkb	1000	t_buffer	kernel	252260970
H1	buffer	poly10	wkb	1000	u_buffer	e2e	255380097
H1	buffer	poly10	wkb	1000	u_buffer	kernel	254949070
H1	buffer	poly100	sep	200	t_buffer	e2e	1087019557
H1	buffer	poly100	sep	200	t_buffer	kernel	1086586927
H1	buffer	poly100	sep	200	u_buffer	e2e	1093683723
H1	buffer	poly100	sep	200	u_buffer	kernel	1093496185
H1	buffer	poly100	int	200	t_buffer	e2e	1088259167
H1	buffer	poly100	int	200	t_buffer	kernel	1087835311
H1	buffer	poly100	int	200	u_buffer	e2e	1093783981
H1	buffer	poly100	int	200	u_buffer	kernel	1093341453
H1	buffer	poly100	wkb	200	t_buffer	e2e	1086453332
H1	buffer	poly100	wkb	200	t_buffer	kernel	1085625580
H1	buffer	poly100	wkb	200	u_buffer	e2e	1087256213
H1	buffer	poly100	wkb	200	u_buffer	kernel	1086818001
H1	buffer	poly1000	sep	50	t_buffer	e2e	24735531706
H1	buffer	poly1000	sep	50	t_buffer	kernel	24735101809
H1	buffer	poly1000	sep	50	u_buffer	e2e	24744797528
H1	buffer	poly1000	sep	50	u_buffer	kernel	24744362974
H1	buffer	poly1000	int	50	t_buffer	e2e	24736691859
H1	buffer	poly1000	int	50	t_buffer	kernel	24736157118
H1	buffer	poly1000	int	50	u_buffer	e2e	24744788283
H1	buffer	poly1000	int	50	u_buffer	kernel	24744365077
H1	buffer	poly1000	wkb	50	t_buffer	e2e	24731062128
H1	buffer	poly1000	wkb	50	t_buffer	kernel	24730363238
H1	buffer	poly1000	wkb	50	u_buffer	e2e	24731282890
H1	buffer	poly1000	wkb	50	u_buffer	kernel	24730854204
H2	p1	points	sep	100000	h2_p1_u_n	e2e	296097163
H2	p1	points	sep	100000	h2_p1_u_w	e2e	260890158
H2	p1	points	sep	100000	h2_p1_t_n	e2e	85302126
H2	p1	points	sep	100000	h2_p1_t_w	e2e	147466217
H2	p1	points	int	100000	h2_p1_u_n	e2e	297365519
H2	p1	points	int	100000	h2_p1_u_w	e2e	263353817
H2	p1	points	int	100000	h2_p1_t_n	e2e	91054102
H2	p1	points	int	100000	h2_p1_t_w	e2e	153630381
H2	p1	points	wkb	100000	h2_p1_u_n	e2e	240858912
H2	p1	points	wkb	100000	h2_p1_u_w	e2e	204658211
H2	p1	points	wkb	100000	h2_p1_t_n	e2e	134619193
H2	p1	points	wkb	100000	h2_p1_t_w	e2e	196631293
H2	p1	poly10	sep	10000	h2_p1_u_n	e2e	98433142
H2	p1	poly10	sep	10000	h2_p1_u_w	e2e	94934207
H2	p1	poly10	sep	10000	h2_p1_t_n	e2e	44932180
H2	p1	poly10	sep	10000	h2_p1_t_w	e2e	51218705
H2	p1	poly10	int	10000	h2_p1_u_n	e2e	100657307
H2	p1	poly10	int	10000	h2_p1_u_w	e2e	97165527
H2	p1	poly10	int	10000	h2_p1_t_n	e2e	48657081
H2	p1	poly10	int	10000	h2_p1_t_w	e2e	54935270
H2	p1	poly10	wkb	10000	h2_p1_u_n	e2e	56130301
H2	p1	poly10	wkb	10000	h2_p1_u_w	e2e	52617094
H2	p1	poly10	wkb	10000	h2_p1_t_n	e2e	45523642
H2	p1	poly10	wkb	10000	h2_p1_t_w	e2e	51811911
H2	p1	poly100	sep	10000	h2_p1_u_n	e2e	502577172
H2	p1	poly100	sep	10000	h2_p1_u_w	e2e	498859106
H2	p1	poly100	sep	10000	h2_p1_t_n	e2e	254765868
H2	p1	poly100	sep	10000	h2_p1_t_w	e2e	260129128
H2	p1	poly100	int	10000	h2_p1_u_n	e2e	523292147
H2	p1	poly100	int	10000	h2_p1_u_w	e2e	518375082
H2	p1	poly100	int	10000	h2_p1_t_n	e2e	289044148
H2	p1	poly100	int	10000	h2_p1_t_w	e2e	293756680
H2	p1	poly100	wkb	10000	h2_p1_u_n	e2e	225055714
H2	p1	poly100	wkb	10000	h2_p1_u_w	e2e	220978450
H2	p1	poly100	wkb	10000	h2_p1_t_n	e2e	214184346
H2	p1	poly100	wkb	10000	h2_p1_t_w	e2e	220175228
H2	p1	poly1000	sep	1000	h2_p1_u_n	e2e	449917563
H2	p1	poly1000	sep	1000	h2_p1_u_w	e2e	449162827
H2	p1	poly1000	sep	1000	h2_p1_t_n	e2e	230748468
H2	p1	poly1000	sep	1000	h2_p1_t_w	e2e	230893311
H2	p1	poly1000	int	1000	h2_p1_u_n	e2e	469944274
H2	p1	poly1000	int	1000	h2_p1_u_w	e2e	469198709
H2	p1	poly1000	int	1000	h2_p1_t_n	e2e	264771834
H2	p1	poly1000	int	1000	h2_p1_t_w	e2e	264940514
H2	p1	poly1000	wkb	1000	h2_p1_u_n	e2e	186294010
H2	p1	poly1000	wkb	1000	h2_p1_u_w	e2e	185464667
H2	p1	poly1000	wkb	1000	h2_p1_t_n	e2e	185213009
H2	p1	poly1000	wkb	1000	h2_p1_t_w	e2e	185383067
H2	p2	points	sep	100000	h2_p2_u_n	e2e	478354022
H2	p2	points	sep	100000	h2_p2_u_w	e2e	306508346
H2	p2	points	sep	100000	h2_p2_t_n	e2e	254936978
H2	p2	points	sep	100000	h2_p2_t_w	e2e	182211886
H2	p2	points	int	100000	h2_p2_u_n	e2e	481132758
H2	p2	points	int	100000	h2_p2_u_w	e2e	307853754
H2	p2	points	int	100000	h2_p2_t_n	e2e	260081985
H2	p2	points	int	100000	h2_p2_t_w	e2e	188312190
H2	p2	points	wkb	100000	h2_p2_u_n	e2e	421825935
H2	p2	points	wkb	100000	h2_p2_u_w	e2e	249442052
H2	p2	points	wkb	100000	h2_p2_t_n	e2e	304901382
H2	p2	points	wkb	100000	h2_p2_t_w	e2e	232611776
H2	p2	poly10	sep	10000	h2_p2_u_n	e2e	341795453
H2	p2	poly10	sep	10000	h2_p2_u_w	e2e	280874281
H2	p2	poly10	sep	10000	h2_p2_t_n	e2e	263065317
H2	p2	poly10	sep	10000	h2_p2_t_w	e2e	239563231
H2	p2	poly10	int	10000	h2_p2_u_n	e2e	345522295
H2	p2	poly10	int	10000	h2_p2_u_w	e2e	284986216
H2	p2	poly10	int	10000	h2_p2_t_n	e2e	263760320
H2	p2	poly10	int	10000	h2_p2_t_w	e2e	238793769
H2	p2	poly10	wkb	10000	h2_p2_u_n	e2e	299800727
H2	p2	poly10	wkb	10000	h2_p2_u_w	e2e	240353500
H2	p2	poly10	wkb	10000	h2_p2_t_n	e2e	261195852
H2	p2	poly10	wkb	10000	h2_p2_t_w	e2e	237659338
H2	p2	poly100	sep	10000	h2_p2_u_n	e2e	2674832301
H2	p2	poly100	sep	10000	h2_p2_u_w	e2e	2513092846
H2	p2	poly100	sep	10000	h2_p2_t_n	e2e	2322947155
H2	p2	poly100	sep	10000	h2_p2_t_w	e2e	2266679559
H2	p2	poly100	int	10000	h2_p2_u_n	e2e	2689914622
H2	p2	poly100	int	10000	h2_p2_u_w	e2e	2535124738
H2	p2	poly100	int	10000	h2_p2_t_n	e2e	2363356086
H2	p2	poly100	int	10000	h2_p2_t_w	e2e	2321725761
H2	p2	poly100	wkb	10000	h2_p2_u_n	e2e	2397862661
H2	p2	poly100	wkb	10000	h2_p2_u_w	e2e	2235016623
H2	p2	poly100	wkb	10000	h2_p2_t_n	e2e	2284802001
H2	p2	poly100	wkb	10000	h2_p2_t_w	e2e	2244476812
H2	p2	poly1000	sep	1000	h2_p2_u_n	e2e	3206519502
H2	p2	poly1000	sep	1000	h2_p2_u_w	e2e	3156953769
H2	p2	poly1000	sep	1000	h2_p2_t_n	e2e	2959430013
H2	p2	poly1000	sep	1000	h2_p2_t_w	e2e	2937518589
H2	p2	poly1000	int	1000	h2_p2_u_n	e2e	3226311034
H2	p2	poly1000	int	1000	h2_p2_u_w	e2e	3175467679
H2	p2	poly1000	int	1000	h2_p2_t_n	e2e	2993908108
H2	p2	poly1000	int	1000	h2_p2_t_w	e2e	2971331280
H2	p2	poly1000	wkb	1000	h2_p2_u_n	e2e	2943282065
H2	p2	poly1000	wkb	1000	h2_p2_u_w	e2e	2891791909
H2	p2	poly1000	wkb	1000	h2_p2_t_n	e2e	2915401945
H2	p2	poly1000	wkb	1000	h2_p2_t_w	e2e	2892356182
H2	p3	points	sep	100000	h2_p3_u_n	e2e	879861903
H2	p3	points	sep	100000	h2_p3_u_w	e2e	705729395
H2	p3	points	sep	100000	h2_p3_t_n	e2e	654852714
H2	p3	points	sep	100000	h2_p3_t_w	e2e	588892435
H2	p3	points	int	100000	h2_p3_u_n	e2e	881815065
H2	p3	points	int	100000	h2_p3_u_w	e2e	707825258
H2	p3	points	int	100000	h2_p3_t_n	e2e	660554976
H2	p3	points	int	100000	h2_p3_t_w	e2e	592168507
H2	p3	points	wkb	100000	h2_p3_u_n	e2e	822601473
H2	p3	points	wkb	100000	h2_p3_u_w	e2e	646598152
H2	p3	points	wkb	100000	h2_p3_t_n	e2e	704769753
H2	p3	points	wkb	100000	h2_p3_t_w	e2e	639374140
H2	p3	poly10	sep	10000	h2_p3_u_n	e2e	650107930
H2	p3	poly10	sep	10000	h2_p3_u_w	e2e	584119332
H2	p3	poly10	sep	10000	h2_p3_t_n	e2e	565846212
H2	p3	poly10	sep	10000	h2_p3_t_w	e2e	539073408
H2	p3	poly10	int	10000	h2_p3_u_n	e2e	652031949
H2	p3	poly10	int	10000	h2_p3_u_w	e2e	586346549
H2	p3	poly10	int	10000	h2_p3_t_n	e2e	568870105
H2	p3	poly10	int	10000	h2_p3_t_w	e2e	542796952
H2	p3	poly10	wkb	10000	h2_p3_u_n	e2e	607809554
H2	p3	poly10	wkb	10000	h2_p3_u_w	e2e	540736442
H2	p3	poly10	wkb	10000	h2_p3_t_n	e2e	566277405
H2	p3	poly10	wkb	10000	h2_p3_t_w	e2e	540013292
H2	p3	poly100	sep	10000	h2_p3_u_n	e2e	5190970876
H2	p3	poly100	sep	10000	h2_p3_u_w	e2e	4863045994
H2	p3	poly100	sep	10000	h2_p3_t_n	e2e	4741165741
H2	p3	poly100	sep	10000	h2_p3_t_w	e2e	4624044942
H2	p3	poly100	int	10000	h2_p3_u_n	e2e	5214683723
H2	p3	poly100	int	10000	h2_p3_u_w	e2e	4882977692
H2	p3	poly100	int	10000	h2_p3_t_n	e2e	4774461475
H2	p3	poly100	int	10000	h2_p3_t_w	e2e	4658268800
H2	p3	poly100	wkb	10000	h2_p3_u_n	e2e	4913329316
H2	p3	poly100	wkb	10000	h2_p3_u_w	e2e	4584472500
H2	p3	poly100	wkb	10000	h2_p3_t_n	e2e	4698113217
H2	p3	poly100	wkb	10000	h2_p3_t_w	e2e	4583739794
H2	p3	poly1000	sep	1000	h2_p3_u_n	e2e	5066252268
H2	p3	poly1000	sep	1000	h2_p3_u_w	e2e	4755917721
H2	p3	poly1000	sep	1000	h2_p3_t_n	e2e	4653056103
H2	p3	poly1000	sep	1000	h2_p3_t_w	e2e	4536786108
H2	p3	poly1000	int	1000	h2_p3_u_n	e2e	5086302653
H2	p3	poly1000	int	1000	h2_p3_u_w	e2e	4775931391
H2	p3	poly1000	int	1000	h2_p3_t_n	e2e	4687154729
H2	p3	poly1000	int	1000	h2_p3_t_w	e2e	4570809361
H2	p3	poly1000	wkb	1000	h2_p3_u_n	e2e	4801922198
H2	p3	poly1000	wkb	1000	h2_p3_u_w	e2e	4491261376
H2	p3	poly1000	wkb	1000	h2_p3_t_n	e2e	4607537556
H2	p3	poly1000	wkb	1000	h2_p3_t_w	e2e	4491188760
H2	p4	points	sep	10000	h2_p4_u_n	e2e	2544724327
H2	p4	points	sep	10000	h2_p4_u_w	e2e	2339433433
H2	p4	points	sep	10000	h2_p4_t_n	e2e	2429280445
H2	p4	points	sep	10000	h2_p4_t_w	e2e	2314546996
H2	p4	points	int	10000	h2_p4_u_n	e2e	2544720806
H2	p4	points	int	10000	h2_p4_u_w	e2e	2337803708
H2	p4	points	int	10000	h2_p4_t_n	e2e	2433935570
H2	p4	points	int	10000	h2_p4_t_w	e2e	2317965534
H2	p4	points	wkb	10000	h2_p4_u_n	e2e	2543244785
H2	p4	points	wkb	10000	h2_p4_u_w	e2e	2335695811
H2	p4	points	wkb	10000	h2_p4_t_n	e2e	2436141944
H2	p4	points	wkb	10000	h2_p4_t_w	e2e	2313772288
H2	p4	poly10	sep	1000	h2_p4_u_n	e2e	400992268
H2	p4	poly10	sep	1000	h2_p4_u_w	e2e	363204532
H2	p4	poly10	sep	1000	h2_p4_t_n	e2e	381870746
H2	p4	poly10	sep	1000	h2_p4_t_w	e2e	356180320
H2	p4	poly10	int	1000	h2_p4_u_n	e2e	401175088
H2	p4	poly10	int	1000	h2_p4_u_w	e2e	363445289
H2	p4	poly10	int	1000	h2_p4_t_n	e2e	381989499
H2	p4	poly10	int	1000	h2_p4_t_w	e2e	356246149
H2	p4	poly10	wkb	1000	h2_p4_u_n	e2e	396557893
H2	p4	poly10	wkb	1000	h2_p4_u_w	e2e	358470525
H2	p4	poly10	wkb	1000	h2_p4_t_n	e2e	382191261
H2	p4	poly10	wkb	1000	h2_p4_t_w	e2e	357438666
H2	p4	poly100	sep	200	h2_p4_u_n	e2e	1275537268
H2	p4	poly100	sep	200	h2_p4_u_w	e2e	1224579420
H2	p4	poly100	sep	200	h2_p4_t_n	e2e	1254590038
H2	p4	poly100	sep	200	h2_p4_t_w	e2e	1219733648
H2	p4	poly100	int	200	h2_p4_u_n	e2e	1275986552
H2	p4	poly100	int	200	h2_p4_u_w	e2e	1224624408
H2	p4	poly100	int	200	h2_p4_t_n	e2e	1255194967
H2	p4	poly100	int	200	h2_p4_t_w	e2e	1220505201
H2	p4	poly100	wkb	200	h2_p4_u_n	e2e	1269357616
H2	p4	poly100	wkb	200	h2_p4_u_w	e2e	1218471314
H2	p4	poly100	wkb	200	h2_p4_t_n	e2e	1253200481
H2	p4	poly100	wkb	200	h2_p4_t_w	e2e	1218048377
H2	p4	poly1000	sep	50	h2_p4_u_n	e2e	24813626447
H2	p4	poly1000	sep	50	h2_p4_u_w	e2e	24789324418
H2	p4	poly1000	sep	50	h2_p4_t_n	e2e	24798701396
H2	p4	poly1000	sep	50	h2_p4_t_w	e2e	24778828880
H2	p4	poly1000	int	50	h2_p4_u_n	e2e	24814320931
H2	p4	poly1000	int	50	h2_p4_u_w	e2e	24790041598
H2	p4	poly1000	int	50	h2_p4_t_n	e2e	24799598750
H2	p4	poly1000	int	50	h2_p4_t_w	e2e	24780936000
H2	p4	poly1000	wkb	50	h2_p4_u_n	e2e	24801142954
H2	p4	poly1000	wkb	50	h2_p4_u_w	e2e	24775319218
H2	p4	poly1000	wkb	50	h2_p4_t_n	e2e	24794342978
H2	p4	poly1000	wkb	50	h2_p4_t_w	e2e	24775695497
H6	area	points	sep	100000	g_area	e2e	4769477
H6	area	points	sep	100000	u_area	e2e	159108238
H6	area	points	int	100000	g_area	e2e	4615940
H6	area	points	int	100000	u_area	e2e	161496358
H6	area	points	wkb	100000	g_area	e2e	111540185
H6	area	points	wkb	100000	u_area	e2e	105086180
H6	area	poly10	sep	10000	g_area	e2e	33734267
H6	area	poly10	sep	10000	u_area	e2e	78161983
H6	area	poly10	int	10000	g_area	e2e	37499161
H6	area	poly10	int	10000	u_area	e2e	80386756
H6	area	poly10	wkb	10000	g_area	e2e	34877978
H6	area	poly10	wkb	10000	u_area	e2e	35822081
H6	area	poly100	sep	10000	g_area	e2e	201839814
H6	area	poly100	sep	10000	u_area	e2e	441697632
H6	area	poly100	int	10000	g_area	e2e	236151669
H6	area	poly100	int	10000	u_area	e2e	461121781
H6	area	poly100	wkb	10000	g_area	e2e	159031681
H6	area	poly100	wkb	10000	u_area	e2e	163354450
H6	area	poly1000	sep	1000	g_area	e2e	184404094
H6	area	poly1000	sep	1000	u_area	e2e	401877941
H6	area	poly1000	int	1000	g_area	e2e	218470841
H6	area	poly1000	int	1000	u_area	e2e	421898327
H6	area	poly1000	wkb	1000	g_area	e2e	138762639
H6	area	poly1000	wkb	1000	u_area	e2e	138077484
H6	centroid	points	sep	100000	g_centroid	e2e	81255782
H6	centroid	points	sep	100000	u_centroid	e2e	175349768
H6	centroid	points	int	100000	g_centroid	e2e	85025091
H6	centroid	points	int	100000	u_centroid	e2e	177896163
H6	centroid	points	wkb	100000	g_centroid	e2e	124809028
H6	centroid	points	wkb	100000	u_centroid	e2e	121037736
H6	centroid	poly10	sep	10000	g_centroid	e2e	41287452
H6	centroid	poly10	sep	10000	u_centroid	e2e	86233542
H6	centroid	poly10	int	10000	g_centroid	e2e	45061117
H6	centroid	poly10	int	10000	u_centroid	e2e	88458298
H6	centroid	poly10	wkb	10000	g_centroid	e2e	42617308
H6	centroid	poly10	wkb	10000	u_centroid	e2e	43895375
H6	centroid	poly100	sep	10000	g_centroid	e2e	250402014
H6	centroid	poly100	sep	10000	u_centroid	e2e	491199258
H6	centroid	poly100	int	10000	g_centroid	e2e	284854339
H6	centroid	poly100	int	10000	u_centroid	e2e	511487714
H6	centroid	poly100	wkb	10000	g_centroid	e2e	210125992
H6	centroid	poly100	wkb	10000	u_centroid	e2e	212212430
H6	centroid	poly1000	sep	1000	g_centroid	e2e	230976832
H6	centroid	poly1000	sep	1000	u_centroid	e2e	448415825
H6	centroid	poly1000	int	1000	g_centroid	e2e	265040356
H6	centroid	poly1000	int	1000	u_centroid	e2e	468437904
H6	centroid	poly1000	wkb	1000	g_centroid	e2e	185537971
H6	centroid	poly1000	wkb	1000	u_centroid	e2e	184778365
H6	simplify	points	sep	100000	g_simplify	e2e	3045017
H6	simplify	points	sep	100000	u_simplify	e2e	271245798
H6	simplify	points	sep	100000	u_simplify_same	e2e	271172694
H6	simplify	points	int	100000	g_simplify	e2e	2909620
H6	simplify	points	int	100000	u_simplify	e2e	274033613
H6	simplify	points	int	100000	u_simplify_same	e2e	273916825
H6	simplify	points	wkb	100000	g_simplify	e2e	214156207
H6	simplify	points	wkb	100000	u_simplify	e2e	217838914
H6	simplify	points	wkb	100000	u_simplify_same	e2e	217862398
H6	simplify	poly10	sep	10000	g_simplify	e2e	206841357
H6	simplify	poly10	sep	10000	u_simplify	e2e	275377250
H6	simplify	poly10	sep	10000	u_simplify_same	e2e	253934988
H6	simplify	poly10	int	10000	g_simplify	e2e	205521493
H6	simplify	poly10	int	10000	u_simplify	e2e	276165632
H6	simplify	poly10	int	10000	u_simplify_same	e2e	256093112
H6	simplify	poly10	wkb	10000	g_simplify	e2e	226538947
H6	simplify	poly10	wkb	10000	u_simplify	e2e	233292159
H6	simplify	poly10	wkb	10000	u_simplify_same	e2e	230137560
H6	simplify	poly100	sep	10000	g_simplify	e2e	2214292628
H6	simplify	poly100	sep	10000	u_simplify	e2e	2472298130
H6	simplify	poly100	sep	10000	u_simplify_same	e2e	2452363488
H6	simplify	poly100	int	10000	g_simplify	e2e	2239652081
H6	simplify	poly100	int	10000	u_simplify	e2e	2494576405
H6	simplify	poly100	int	10000	u_simplify_same	e2e	2469059873
H6	simplify	poly100	wkb	10000	g_simplify	e2e	2188000425
H6	simplify	poly100	wkb	10000	u_simplify	e2e	2199404954
H6	simplify	poly100	wkb	10000	u_simplify_same	e2e	2196060134
H6	simplify	poly1000	sep	1000	g_simplify	e2e	2922454420
H6	simplify	poly1000	sep	1000	u_simplify	e2e	3154526428
H6	simplify	poly1000	sep	1000	u_simplify_same	e2e	3141119163
H6	simplify	poly1000	int	1000	g_simplify	e2e	2955111576
H6	simplify	poly1000	int	1000	u_simplify	e2e	3174630944
H6	simplify	poly1000	int	1000	u_simplify_same	e2e	3161158405
H6	simplify	poly1000	wkb	1000	g_simplify	e2e	2890635796
H6	simplify	poly1000	wkb	1000	u_simplify	e2e	2891753235
H6	simplify	poly1000	wkb	1000	u_simplify_same	e2e	2890858390
H6	intersects	points	sep	10000	g_intersects_aa	e2e	2370444585
H6	intersects	points	sep	10000	u_intersects_aa	e2e	462540002
H6	intersects	points	int	10000	g_intersects_aa	e2e	2387397216
H6	intersects	points	int	10000	u_intersects_aa	e2e	481965736
H6	intersects	points	wkb	10000	g_intersects_aa	e2e	2319675929
H6	intersects	points	wkb	10000	u_intersects_aa	e2e	178412388
H6	intersects	poly10	sep	10000	g_intersects_aa	e2e	2653065285
H6	intersects	poly10	sep	10000	u_intersects_aa	e2e	874405627
H6	intersects	poly10	int	10000	g_intersects_aa	e2e	2690670828
H6	intersects	poly10	int	10000	u_intersects_aa	e2e	897370408
H6	intersects	poly10	wkb	10000	g_intersects_aa	e2e	2615694384
H6	intersects	poly10	wkb	10000	u_intersects_aa	e2e	554250612
H6	intersects	poly100	sep	2000	g_intersects_aa	e2e	962347289
H6	intersects	poly100	sep	2000	u_intersects_aa	e2e	807827229
H6	intersects	poly100	int	2000	g_intersects_aa	e2e	980871118
H6	intersects	poly100	int	2000	u_intersects_aa	e2e	815868056
H6	intersects	poly100	wkb	2000	g_intersects_aa	e2e	947963750
H6	intersects	poly100	wkb	2000	u_intersects_aa	e2e	696411539
H6	intersects	poly1000	sep	500	g_intersects_aa	e2e	2140438952
H6	intersects	poly1000	sep	500	u_intersects_aa	e2e	1636765720
H6	intersects	poly1000	int	500	g_intersects_aa	e2e	2160010699
H6	intersects	poly1000	int	500	u_intersects_aa	e2e	1647790142
H6	intersects	poly1000	wkb	500	g_intersects_aa	e2e	2116709296
H6	intersects	poly1000	wkb	500	u_intersects_aa	e2e	1490890587
H6	intersects_const	points	sep	100000	g_intersects	e2e	1173906639
H6	intersects_const	points	sep	100000	u_intersects	e2e	1278104601
H6	intersects_const	points	int	100000	g_intersects	e2e	1184899269
H6	intersects_const	points	int	100000	u_intersects	e2e	1278092695
H6	intersects_const	points	wkb	100000	g_intersects	e2e	1209336615
H6	intersects_const	points	wkb	100000	u_intersects	e2e	1210379724
H6	intersects_const	poly10	sep	10000	g_intersects	e2e	433027340
H6	intersects_const	poly10	sep	10000	u_intersects	e2e	488512863
H6	intersects_const	poly10	int	10000	g_intersects	e2e	434323059
H6	intersects_const	poly10	int	10000	u_intersects	e2e	490215076
H6	intersects_const	poly10	wkb	10000	g_intersects	e2e	434605640
H6	intersects_const	poly10	wkb	10000	u_intersects	e2e	443533829
H6	intersects_const	poly100	sep	2000	g_intersects	e2e	531110074
H6	intersects_const	poly100	sep	2000	u_intersects	e2e	592986763
H6	intersects_const	poly100	int	2000	g_intersects	e2e	537249905
H6	intersects_const	poly100	int	2000	u_intersects	e2e	597708344
H6	intersects_const	poly100	wkb	2000	g_intersects	e2e	521944822
H6	intersects_const	poly100	wkb	2000	u_intersects	e2e	537331515
H6	intersects_const	poly1000	sep	500	g_intersects	e2e	2044109743
H6	intersects_const	poly1000	sep	500	u_intersects	e2e	2260839577
H6	intersects_const	poly1000	int	500	g_intersects	e2e	2061513608
H6	intersects_const	poly1000	int	500	u_intersects	e2e	2270249850
H6	intersects_const	poly1000	wkb	500	g_intersects	e2e	2022453066
H6	intersects_const	poly1000	wkb	500	u_intersects	e2e	2128966417
