points	sep	100000	centroid	native	1600000	1603848
points	sep	100000	centroid	wkb	2500052	4007448
points	sep	100000	simplify	native	2103952	2472848
points	sep	100000	simplify	wkb	2500052	4007448
points	sep	100000	translate	native	2103952	2472848
points	sep	100000	translate	wkb	2500052	4007448
points	sep	100000	buffer	native	54103952	104168232
points	sep	100000	buffer	wkb	54500052	54692044
poly10	sep	10000	centroid	native	160000	160592
poly10	sep	10000	centroid	wkb	250008	401648
poly10	sep	10000	simplify	native	1498048	2614160
poly10	sep	10000	simplify	wkb	1537448	2695408
poly10	sep	10000	translate	native	1890608	2876304
poly10	sep	10000	translate	wkb	1930008	2695408
poly10	sep	10000	buffer	native	7221968	10740624
poly10	sep	10000	buffer	wkb	7261368	8070456
poly100	sep	2000	centroid	native	32000	32296
poly100	sep	2000	centroid	wkb	50004	73848
poly100	sep	2000	simplify	native	1392256	2151880
poly100	sep	2000	simplify	wkb	1399956	2105464
poly100	sep	2000	translate	native	3258304	4249032
poly100	sep	2000	translate	wkb	3266004	4202616
poly100	sep	2000	buffer	native	11455824	16831944
poly100	sep	2000	buffer	wkb	11463524	11945916
poly1000	sep	200	centroid	native	3200	3496
poly1000	sep	200	centroid	wkb	5004	9336
poly1000	sep	200	simplify	native	397240	555720
poly1000	sep	200	simplify	wkb	397740	525432
poly1000	sep	200	translate	native	3206104	4225736
poly1000	sep	200	translate	wkb	3206604	4195448
poly1000	sep	200	buffer	native	1519368	2128584
poly1000	sep	200	buffer	wkb	1519868	1974428
